metric,juniors,floor,fed,yP,yPEA,E,A,weight
mean,FALSE,1000,ARG,-57.9720044383936,105.67302063022777,-87.43249375992738,9.649421375085097,4.103218860644933e-4
mean,FALSE,1000,AUT,146.50885957110086,225.7829709847571,-42.0500965717045,12.050096571704493,0.0014109692719310339
mean,FALSE,1000,BAN,214.9480130244786,217.92416932207692,-1.5218965864127085,1.8271745691100563,5.224684663271999e-4
mean,FALSE,1000,BEL,175.0069956041791,198.33743959447972,-12.24195031344324,6.7774413745066155,7.459490178666395e-4
mean,FALSE,1000,BRA,162.81336341310697,192.47604474204724,-15.34890060470201,13.840203689097372,0.00141214806366038
mean,FALSE,1000,BUL,-31.046304386947686,87.40497080587872,-63.34437751004015,5.578514056224897,2.579748328105811e-4
mean,FALSE,1000,CHI,107.85502911809222,115.12481831934522,-3.6584586466165376,5.8929511278195434,3.6556356269731936e-4
mean,FALSE,1000,CHN,61.34739101424222,108.41394434104237,-25.247879973907345,0.3272450532724527,3.344516776160097e-4
mean,FALSE,1000,COL,82.61284065464079,178.46119620644603,-50.937161246612476,12.258468834688344,9.754201518029611e-4
mean,FALSE,1000,CRO,102.36450940487201,175.21877995976996,-38.46114130434782,15.520652173913042,0.001045551400599218
mean,FALSE,1000,CUB,78.76565985432578,201.88255318108497,-65.59629440761518,11.685534591194966,0.0010212293772621527
mean,FALSE,1000,CZE,57.94741719218325,112.41960882833986,-28.716648262081293,12.579192301624865,0.0022487006554768275
mean,FALSE,1000,DEN,48.3636027042075,145.62712213435242,-51.69820613176779,12.222070015220702,4.603051122932459e-4
mean,FALSE,1000,EGY,130.5620695773756,178.3204972828778,-24.924132730015074,17.158974358974362,3.525903244203108e-4
mean,FALSE,1000,ENG,94.97415434872174,110.29841444930611,-7.920250626566414,7.374323308270675,6.89488109867337e-4
mean,FALSE,1000,ESP,159.7521573134814,164.07737811213363,-1.9658213686369521,8.610846650799047,0.0036751369694315674
mean,FALSE,1000,FRA,162.9687503752943,196.82842956211135,-17.90337873232518,6.530093163775021,0.005937398229502781
mean,FALSE,1000,GEO,-167.19820269333337,-84.2559045160867,-44.24095238095239,6.672380952380948,2.1591756060917067e-4
mean,FALSE,1000,GER,151.61148329728377,169.71687326559214,-9.46733750112223,6.056802525535048,0.007122858616983914
mean,FALSE,1000,GRE,134.88104238634006,128.6017827982901,3.7620141144841455,9.48831794395814,0.0012794747797945638
mean,FALSE,1000,HUN,31.164419498586454,74.83644637643754,-22.83207968569147,14.70873966841102,0.0013064115615494087
mean,FALSE,1000,IND,-90.55565555246032,49.79429780945616,-75.00235580491103,7.888717252423312,0.0021120693977322892
mean,FALSE,1000,IRI,142.6305373308583,140.5132839554342,1.4970521935148255,8.734141515111329,0.0019252674753042454
mean,FALSE,1000,ISR,6.4047060193339425,125.04372974170006,-63.41050678644663,6.417293233082702,3.615459113576528e-4
mean,FALSE,1000,ITA,149.46059961408685,212.0259333012045,-33.175871055464285,9.782323947651697,0.001123085620256474
mean,FALSE,1000,KAZ,11.962409013909513,87.8623641448066,-40.56247862273402,4.220157336677687,3.5027016532354285e-4
mean,FALSE,1000,KOR,372.4713210483871,308.9260952174788,33.68641439205955,-10.154776674937967,2.2323226909590842e-4
mean,FALSE,1000,LAT,4.706379837521675,-43.12329541149218,25.66808914177335,-0.06985933301722724,2.512591722998337e-4
mean,FALSE,1000,LTU,27.812207257000946,52.90533882177981,-13.172279333569662,7.158454448777029,2.9797934955890285e-4
mean,FALSE,1000,MEX,184.1471781705882,237.6934072212773,-28.218099547511308,12.617194570135748,8.910472507286878e-4
mean,FALSE,1000,NED,133.54946369481618,152.4165474457689,-9.716386791879145,9.925537090286767,0.0013317953384867974
mean,FALSE,1000,NOR,63.02906196162833,179.69857074448538,-62.18176618622741,10.57431556470678,4.635435201765169e-4
mean,FALSE,1000,PHI,178.42821824032194,194.92550777767218,-8.240824534942178,14.85708898944193,3.3162860466239333e-4
mean,FALSE,1000,POL,45.996907004311836,67.3032636309013,-11.049066087850576,9.35692908983593,0.0018069809240352135
mean,FALSE,1000,ROU,-107.39063449783261,-7.672134994144632,-53.2146931325576,7.406652325543497,5.361566274917472e-4
mean,FALSE,1000,RUS,109.2951632203927,150.13434093390427,-21.58756540739462,8.02720372606521,0.0039691638545362165
mean,FALSE,1000,SLO,-49.07810942727261,144.983564919705,-103.65757575757577,12.071780303030302,3.91616906446242e-4
mean,FALSE,1000,SRB,69.21432506313135,172.66154650400722,-54.83291245791247,16.68223905723906,0.0019050006538156587
mean,FALSE,1000,SRI,108.5900568919262,47.116630702224185,33.19975199779554,4.987186552769359,0.0010403660285522801
mean,FALSE,1000,SUI,166.0736573869282,253.76017355951186,-46.87271241830065,4.602941176470587,5.89376374231891e-4
mean,FALSE,1000,SVK,49.402580285250195,72.5660332286365,-11.840863559679462,14.319524989455928,9.344097944888342e-4
mean,FALSE,1000,SWE,178.4749484806431,200.51375247336972,-11.565853384844743,6.362209647168214,6.321855333134335e-4
mean,FALSE,1000,TUR,61.92460984195985,58.08107357383281,2.387816773934034,7.868206958970237,0.001140327920492379
mean,FALSE,1000,UKR,74.85303138126616,159.37443774087683,-44.80221434106217,13.604518090242593,6.73712225490378e-4
mean,FALSE,1000,USA,42.88519936282714,173.10999688440768,-69.65471204188484,5.789397905759159,4.790287987099817e-4
mean,FALSE,1000,VIE,88.53736470271083,99.7215244759132,-5.7451807228915754,6.236445783132531,2.1088169342681144e-4
mean,FALSE,1400,ARG,-107.28781688892123,31.80684084550977,-111.90371884735202,11.528913551401871,4.576307649434773e-4
mean,FALSE,1400,AUT,97.52985159918694,146.96601848019102,-51.7307731257776,13.608612308671624,0.0014663519233434877
mean,FALSE,1400,BEL,88.10400551904631,113.3955936944621,-30.01924423738619,9.788572211564812,7.581668414945739e-4
mean,FALSE,1400,BRA,117.44618257525968,131.62729445261365,-27.24721706864564,13.772096474953614,0.0015339257494746351
mean,FALSE,1400,BUL,19.983311763952393,90.14246933847905,-55.948425624321374,5.4209554831704665,3.323864739398715e-4
mean,FALSE,1400,CHN,52.96357100222453,91.1348722326376,-27.042825361512797,0.24771968854282633,3.449958434779071e-4
mean,FALSE,1400,COL,45.38081203983518,107.7323956713675,-59.631105006105,12.698489010989007,0.0010974875602841622
mean,FALSE,1400,CRO,54.84488484957323,93.34717993028248,-46.33942877046326,15.410549460118425,0.0010574368506408493
mean,FALSE,1400,CUB,80.26788343626207,152.67745144569977,-65.38310830955322,11.671238127688575,0.0010382175630839915
mean,FALSE,1400,CZE,21.941974790363588,45.99276761364705,-34.24277309816331,13.83876078121122,0.002510827321697535
mean,FALSE,1400,ENG,50.316865984573646,56.686427923468784,-15.312252657717082,8.630651043687436,7.694071951494679e-4
mean,FALSE,1400,ESP,19.32379146774294,25.553465309110457,-19.50247392194622,12.041176649916416,0.0034455192065697355
mean,FALSE,1400,FRA,60.21845899218026,89.4051260069332,-36.43804658366322,12.724201169966399,0.005506047925382366
mean,FALSE,1400,GEO,-72.16257325520833,-49.18516663155381,-23.2421875,5.6875,2.7999023572715316e-4
mean,FALSE,1400,GER,116.7733846846359,120.71751026792407,-11.763734902782758,7.159300991070204,0.0076484455810771415
mean,FALSE,1400,GRE,87.71313901791122,81.963786904016,-7.963440746981178,9.535786998034258,0.0014043416008425959
mean,FALSE,1400,HUN,8.192234466364765,19.88146699568408,-27.484491517112886,15.34871040502108,0.001544606116704639
mean,FALSE,1400,IND,-179.94708975690938,8.86515183721476,-142.8502248300066,8.450416758060975,0.0011113616446913712
mean,FALSE,1400,IRI,30.642065063296723,53.22033876603929,-28.30350074445292,9.935223517449248,0.0013451857727516821
mean,FALSE,1400,ISR,-3.80307524846545,87.17634587856908,-73.09064902556767,7.458430180582873,4.2121611310822865e-4
mean,FALSE,1400,ITA,37.37108671196173,112.64231013955595,-68.10590111642742,12.242902711323765,0.0010735740822286207
mean,FALSE,1400,KAZ,-69.16777894471936,14.521364967521794,-67.23734873487348,6.863586358635864,3.572950903820327e-4
mean,FALSE,1400,LAT,33.26069048598504,-17.611052588948787,34.098105013817616,1.2147651006711442,3.435654083666094e-4
mean,FALSE,1400,LTU,59.321979554070815,62.21604763265766,-11.3062980030722,7.380337941628262,3.744114222243561e-4
mean,FALSE,1400,MEX,156.35028702363613,185.0177268590409,-35.95232313420753,12.62708434515137,0.0010071589677925936
mean,FALSE,1400,NED,59.10494277120115,62.61404256932137,-16.954905163329826,11.530295047418335,0.0014059574229969276
mean,FALSE,1400,PHI,124.83835873087985,118.01014530509794,-15.755111313039535,16.333636225957896,3.545134736531023e-4
mean,FALSE,1400,POL,15.666089080272293,34.78833565535142,-27.16765990909704,10.956758009759305,0.0021076854302940814
mean,FALSE,1400,ROU,-112.37532918937553,-42.950995278402296,-58.90142253834185,8.178839742164925,6.773516685977634e-4
mean,FALSE,1400,RUS,44.62711598386369,76.49217768634041,-35.92327512167192,10.823001847851543,0.004416377957315403
mean,FALSE,1400,SLO,-42.198666162377506,85.95022157698735,-105.98549836601308,12.918436819172115,4.585068920281068e-4
mean,FALSE,1400,SRB,41.569931509511264,97.67127484195926,-60.5228182473855,16.888892895780742,0.0019404788422307659
mean,FALSE,1400,SRI,132.450764054738,65.93008154514835,41.28896803824162,4.211641203486739,0.0011266294848626477
mean,FALSE,1400,SUI,69.16292460418039,163.47018116017847,-73.08829822251482,5.603055738424402,5.557710556235944e-4
mean,FALSE,1400,SVK,-31.276010599486494,-27.130994456576087,-21.417670793214114,14.725483723062815,9.623628345158189e-4
mean,FALSE,1400,SWE,47.947095110544446,74.57061204687571,-30.606612217074613,9.513879596551249,6.033808986033357e-4
mean,FALSE,1400,TUR,-5.2039385511246765,14.875015729203772,-22.031943086096476,6.3393065589803435,9.434499014059656e-4
mean,FALSE,1400,UKR,46.49617763363517,97.62230998268059,-53.64922870556673,14.193158953722332,7.322627984743121e-4
mean,FALSE,1400,USA,2.381520933379064,89.22648885502157,-70.98825005703857,8.08909422769792,5.31344754869298e-4
mean,FALSE,1400,VIE,79.97188161119705,81.55657655089192,-8.351351351351354,5.75945945945946,2.904958222121397e-4
mean,FALSE,1600,ARG,-38.3374747042943,40.30515833981967,-105.0560327198364,11.824744376278115,5.661453888968701e-4
mean,FALSE,1600,AUT,71.15252716057361,119.26263426877294,-64.28342746883226,13.964209776978485,0.001601689302499208
mean,FALSE,1600,BRA,95.93865248255574,128.91889758573532,-44.07657200811359,13.79334009465855,0.0015571955795163144
mean,FALSE,1600,CHN,71.8291223345387,91.8550939366273,-26.74608276416231,0.3053435114503813,4.163367584159863e-4
mean,FALSE,1600,COL,49.70880659279733,100.15552112425257,-67.40198485778595,13.021997135256804,0.0012639508012545137
mean,FALSE,1600,CRO,45.48971846586277,79.4296147035462,-45.36069469338983,14.921079789256417,0.0011507303399229413
mean,FALSE,1600,CUB,77.05227337876245,127.84112452365642,-67.85671536701287,12.016590389016017,0.001098274481561846
mean,FALSE,1600,CZE,4.293904382727007,37.0121433231156,-43.72731800922713,14.096394888335446,0.002839933569401251
mean,FALSE,1600,ENG,2.584714146931151,23.827941693837346,-28.391651865008882,9.368215906848235,7.794375086046824e-4
mean,FALSE,1600,ESP,12.14181515612649,35.205349498428454,-30.831317198651604,13.279493150185921,0.003675851165628836
mean,FALSE,1600,FRA,19.48433594177417,66.87055663474305,-63.3198431900759,15.41956424135093,0.00460030361084013
mean,FALSE,1600,GEO,7.118718548743081,4.057070224371572,4.076814658209997,5.529011040638949,3.546475398856434e-4
mean,FALSE,1600,GER,81.60735415499362,94.33960586449714,-17.02386547467006,8.880962111536824,0.008102079865090785
mean,FALSE,1600,GRE,89.1555807344451,100.16171382630073,-14.72053471444569,9.776053331466969,0.0014289932939532367
mean,FALSE,1600,HUN,-5.530604819976698,19.07273905848605,-32.89268634282982,15.512229281956685,0.0017479992796048851
mean,FALSE,1600,IND,-88.8447202180266,10.40343024328766,-132.56512716174976,7.11857578840285,0.0010132444848619496
mean,FALSE,1600,ITA,-24.442928523313505,62.32122169896744,-115.9110903880271,15.688986944457078,9.919517626204737e-4
mean,FALSE,1600,KAZ,-2.2831604324072505,46.36658601833361,-64.99351851851853,9.124074074074073,4.18844917775391e-4
mean,FALSE,1600,LAT,69.47903240913453,35.39977332028892,45.51249999999999,0.7245192307692321,4.1730541333468715e-4
mean,FALSE,1600,MEX,135.83940782968224,173.480896817662,-50.29957308167623,12.763228850690933,0.0010490396153526103
mean,FALSE,1600,NED,-5.712460133099458,14.858625621859478,-27.499956860602225,12.092059474849734,0.0015379555265383471
mean,FALSE,1600,POL,34.47957993274832,51.42189078124807,-22.64948830409358,10.219371345029245,0.002331920468558806
mean,FALSE,1600,ROU,-69.30354801384254,-28.881994216504836,-54.003751738413285,8.797470810828294,8.084800354936923e-4
mean,FALSE,1600,RUS,16.50364939151276,53.21514128315009,-49.056601724821974,12.340878907473531,0.004826000311498494
mean,FALSE,1600,SRB,35.857679121048704,84.97345198126294,-65.63179089696432,16.362307490197665,0.002219215021937217
mean,FALSE,1600,SVK,-68.29831085245623,-46.90189421787616,-28.60918232772832,15.267820639630727,0.0010055336288819937
mean,FALSE,1600,TUR,4.10751075694442,22.12461516680531,-24.071428571428584,4.071428571428573,7.677086587693873e-4
mean,FALSE,1600,UKR,42.410749172337106,89.81104241479038,-63.333921370967744,13.269489247311824,8.368207346742382e-4
mean,FALSE,1600,USA,-16.61790826029528,47.39720548867213,-85.51397195803511,8.871923718011566,5.66894848556889e-4
mean,FALSE,1600,VIE,92.29402988899255,97.70195577364699,-7.238339552238813,7.229477611940297,3.453319769695836e-4
mean,TRUE,1000,ALG,260.8369523611556,201.95231345184624,-23.904434495256375,13.480652382475213,4.545503635100413e-4
mean,TRUE,1000,ANG,392.29160525956274,375.9402150884815,-28.4291325136612,9.182035519125684,3.428049134147121e-4
mean,TRUE,1000,ARG,115.49666262520898,79.82267759804022,-41.69191220829974,14.958020789399217,8.951536961443905e-4
mean,TRUE,1000,ARM,136.6112204740162,101.11107242377595,-1.124628542436767,4.81104587953903,3.5094319791241225e-4
mean,TRUE,1000,AUS,176.02944209818287,61.1423225770593,-9.13711117955036,16.941792423775794,8.260488066008977e-4
mean,TRUE,1000,AUT,228.3621366549899,141.5286526285482,-28.26347757945146,18.13528254244667,0.001886238037025373
mean,TRUE,1000,AZE,54.500225506012725,39.8605120152194,-10.039987693389591,4.37403305203938,7.753403311402851e-4
mean,TRUE,1000,BAN,229.7960615432844,173.7364022686051,-6.847841813359054,8.863154087292017,7.996590933787458e-4
mean,TRUE,1000,BEL,211.7646824517997,121.00748377986801,-15.282137728421631,15.396123073826491,0.0012680227151037721
mean,TRUE,1000,BIH,319.8946636837256,102.14597980494756,14.793853019506223,24.095803642121933,4.122011526882241e-4
mean,TRUE,1000,BLR,148.47828830879203,105.87863777974627,-11.465157832042877,8.297842122142299,3.449642805866657e-4
mean,TRUE,1000,BOL,126.88497928395287,84.89172261368954,3.647902381479028,4.448536459485366,0.001087947413827297
mean,TRUE,1000,BOT,231.4394403339172,248.05084294095425,-22.744288760280234,3.5566554980201026,8.721331812076852e-4
mean,TRUE,1000,BRA,262.4189708567411,121.92023727512361,9.006801911337085,15.681863978778033,0.0026382486767839402
mean,TRUE,1000,BUL,83.95955723741119,86.41669728484572,-48.07054748225751,11.68388813788442,4.4023522212792736e-4
mean,TRUE,1000,CAN,213.46915548967735,66.74100306484763,6.152123588604908,17.189304105447157,5.863332684222787e-4
mean,TRUE,1000,CHI,230.89386737896933,165.99605038688532,-10.55167265991065,10.915440775852673,7.932248739135479e-4
mean,TRUE,1000,CHN,68.27386558736792,118.59329747425639,-23.927173656331178,-0.4497790073889121,9.651731478523135e-4
mean,TRUE,1000,COL,181.54548350255408,147.20781628749137,-30.41161446578961,11.972147300049539,0.001570912617084085
mean,TRUE,1000,CRC,182.29102087637722,132.73223333449175,-13.795685505437689,9.767587805312889,6.172035220806076e-4
mean,TRUE,1000,CRO,238.08716396181464,123.51668230558258,-25.19057388350265,20.908010985738393,0.0014724557404184617
mean,TRUE,1000,CUB,223.05691350819959,116.70559959351287,1.5571301247771885,13.183422459893048,0.00147405604588653
mean,TRUE,1000,CZE,211.77435891840997,95.9104472324573,-18.596774400657452,19.427390628812102,0.0033664817828911765
mean,TRUE,1000,DEN,100.92142994177426,33.83123320451858,-36.77729002923998,17.740616657069566,6.019972515364552e-4
mean,TRUE,1000,DOM,216.54358307668593,128.7805481185104,5.623699421965313,9.796339113680158,6.028285177177415e-4
mean,TRUE,1000,ECU,89.17620347082615,110.75938620976913,-19.259401709401708,2.0524216524216516,9.419793716692655e-4
mean,TRUE,1000,EGY,264.7448071166479,125.36474725155438,-0.11129336349925012,17.814800150829566,5.940490128079613e-4
mean,TRUE,1000,ENG,211.27622684850803,67.54662688958427,5.151746031746029,17.05631746031746,0.0012511315756771326
mean,TRUE,1000,ESP,220.25009855066793,103.22218420954846,-9.073500391586151,17.199114532964543,0.007622087656297653
mean,TRUE,1000,EST,188.7162883982145,232.9432998217828,-22.660768372389597,0.011637175195282623,1.7987833390469332e-4
mean,TRUE,1000,FRA,185.2496629488131,119.70601287458948,-16.62461451867742,12.513544963726432,0.009979588802647594
mean,TRUE,1000,GEO,36.258364982915054,44.52090520207314,-23.97291140494231,4.928737681374734,5.850058500721084e-4
mean,TRUE,1000,GER,214.48480685825257,117.13437617851005,-4.829871529245466,13.62884147651286,0.010565193200517922
mean,TRUE,1000,GRE,179.4103890348096,106.91080360291711,-3.504101704047443,10.126608334692978,0.002811485612844171
mean,TRUE,1000,HUN,177.17161014824825,63.19455701081557,-22.673075646922825,20.20396274059871,0.0022452354814625265
mean,TRUE,1000,INA,146.68577983307713,86.72400617095758,-24.308243727598573,13.71889400921659,6.433744035142661e-4
mean,TRUE,1000,IND,71.73231091101378,38.41873732480582,-20.65178233938512,9.405596491478999,0.014889479528023386
mean,TRUE,1000,IRI,121.94050616557786,86.58971203426967,-16.675939325408216,8.67328525143396,0.005496343976769883
mean,TRUE,1000,IRQ,286.0438532118887,188.82449835939892,-11.120645573665712,15.182166826462133,3.552331040321923e-4
mean,TRUE,1000,ISR,164.00763708743742,116.7250659582858,-26.710226558746342,12.700321543408357,6.086104164683e-4
mean,TRUE,1000,ITA,234.5140914111377,90.54177822825233,-4.776293071959529,19.56513333058477,0.0028711321844100512
mean,TRUE,1000,JOR,181.23195320614596,103.05825053620677,-10.561246265471624,12.61203585147247,2.5869757552976876e-4
mean,TRUE,1000,KAZ,31.640659907312095,47.002439053826755,-24.685751912705385,4.20067728583971,0.001577612917757769
mean,TRUE,1000,KEN,270.79147380567684,204.57765395225448,-1.6227256186317263,8.854894468704511,6.743016888311993e-4
mean,TRUE,1000,KGZ,163.97223008809914,97.72555210319155,-13.925115630276785,11.929520593201675,4.653526047233936e-4
mean,TRUE,1000,KOR,193.53548439016066,242.3228179911103,4.555020080321285,-7.362851405622489,5.820954470395189e-4
mean,TRUE,1000,LAT,99.56016019254234,32.98526666138525,22.24361581920904,2.9444067796610156,3.7197752456799663e-4
mean,TRUE,1000,LTU,114.8982877063908,66.45665663289482,-5.708682556312212,7.606665793609217,4.5850729381116575e-4
mean,TRUE,1000,MAS,128.35924688200024,71.4812320171187,0.3008839390218512,7.183408371211305,0.0019150964612634008
mean,TRUE,1000,MDA,141.0202128437217,46.15586845881053,18.892050587172548,7.391056910569105,2.5177453227665756e-4
mean,TRUE,1000,MEX,229.25466949698946,157.4434512265905,-6.177755080098912,10.70605311256854,0.0014054528344133548
mean,TRUE,1000,MGL,155.31733912742004,113.25156359966351,-6.167721518987335,6.907576321667911,3.084771641931925e-4
mean,TRUE,1000,NED,196.1456220110204,86.67815655774635,-8.92985625047038,16.198435097678725,0.0017609145474415586
mean,TRUE,1000,NEP,216.77536345931054,69.29583288031039,14.094688086303936,15.302884615384613,7.63664456369048e-4
mean,TRUE,1000,NOR,87.47220285751236,108.75711081959984,-69.03063583478426,14.512400496136312,7.868585873966499e-4
mean,TRUE,1000,PER,186.47285975296822,140.90417596073274,-7.373701571135101,7.655589633787603,0.0015272064102522835
mean,TRUE,1000,PHI,166.64806380673872,63.30104434976312,10.59893730949831,10.543372600708459,8.553234426314573e-4
mean,TRUE,1000,POL,141.5260362563824,95.61162252926891,-28.269051507563034,12.914775609618403,0.004177291296801481
mean,TRUE,1000,POR,213.98958182286714,133.17893634691615,-19.754838072669827,15.243088467614538,3.9808612355995174e-4
mean,TRUE,1000,ROU,130.09103934820143,53.90808267100623,-16.031085476835145,13.723149819494587,0.0015670220596188625
mean,TRUE,1000,RSA,263.4441185977499,203.0871418701269,-8.011346300533944,9.701945080091534,9.543935697738325e-4
mean,TRUE,1000,RUS,160.5942285957869,112.5869979535168,-10.96562556579292,8.86325853970106,0.011237334455179288
mean,TRUE,1000,SGP,131.21296441682293,75.14692544751554,7.214509068167601,5.354283927454659,2.728528879184876e-4
mean,TRUE,1000,SLO,129.9995871140526,140.14402865863352,-74.88592657342656,17.39545870795871,5.42127290191741e-4
mean,TRUE,1000,SRB,209.80203821199981,110.8710599126891,-39.82468977900213,22.564557122887276,0.002456629850370094
mean,TRUE,1000,SRI,75.31711681732237,46.0727585232257,4.4028653324099025,2.633158589172602,0.004233037576613932
mean,TRUE,1000,SUI,247.42704754119205,186.89560251827697,-24.46820779750969,13.831516636048178,8.196000409431133e-4
mean,TRUE,1000,SVK,166.00840108881977,36.483268920549705,-22.11073722780084,22.047786461352935,0.001812575498844696
mean,TRUE,1000,SWE,254.05891280719774,126.24382828427531,3.594639486598723,15.41400528501321,9.251798636899803e-4
mean,TRUE,1000,THA,210.70663043576877,144.44734872223165,16.694874591057797,4.288985823336969,2.998922573447091e-4
mean,TRUE,1000,TUR,108.89673194627817,67.99502865680543,-10.22697278181549,7.77213166307158,0.005048536041667026
mean,TRUE,1000,UAE,182.82031434444443,203.94511286011428,-16.096527777777794,1.3215277777777779,2.288223073545956e-4
mean,TRUE,1000,UKR,209.0054211899656,106.1248190847113,-0.8969258589511782,13.352990422610674,0.0014714170796438525
mean,TRUE,1000,USA,198.3798194546421,108.54143214704318,-13.182638275076997,14.754875228784432,0.0023100764660754086
mean,TRUE,1000,UZB,117.11280724194471,85.36319332822644,-13.70906891187871,7.473247574133975,6.063100778627862e-4
mean,TRUE,1000,VEN,192.41029304765888,113.75009202407242,-10.2178102926337,12.58840565085772,8.366925542356252e-4
mean,TRUE,1000,VIE,99.59253436263488,77.7722157667715,1.2051617873651779,2.4838212634822803,5.587981301339006e-4
mean,TRUE,1000,ZAM,430.81271136429876,419.6203428728023,-24.769125683060103,7.6102003642987235,5.737200737740777e-4
mean,TRUE,1000,ZIM,386.5989103403227,356.4942428282407,-0.35376344086022016,3.93010752688172,3.5248790588221805e-4
mean,TRUE,1400,ARG,2.381258891774888,72.51722409095862,-82.20670995670994,14.86688311688312,8.548297644562442e-4
mean,TRUE,1400,ARM,119.23054139352423,122.26990863038137,-13.242806663301366,4.922549938703398,3.380853165611136e-4
mean,TRUE,1400,AUS,13.377073515923032,7.050725486431787,-33.022063037249296,16.530454359394188,5.643520987044725e-4
mean,TRUE,1400,AUT,114.43872385348423,139.19437439179845,-54.32277447460106,16.431895603463737,0.0018614242027033775
mean,TRUE,1400,AZE,59.82990434722868,68.70156053317979,-22.33623453962437,7.156493357764543,3.8463053099002247e-4
mean,TRUE,1400,BEL,106.73897634735795,122.84368091319095,-46.05890738369611,15.427221510883484,0.0012007666081960454
mean,TRUE,1400,BLR,61.889973321325776,96.11244014122943,-49.88030018761725,11.571232020012506,3.193891704664273e-4
mean,TRUE,1400,BOL,78.64765000641012,106.37283843488518,-34.17051282051284,6.616666666666667,4.146372226030289e-4
mean,TRUE,1400,BRA,149.14833372491123,122.96778611853927,-13.867636403159182,14.14134845301065,0.0024162325265273286
mean,TRUE,1400,BUL,67.13615083243549,136.12758742227655,-75.83409310678272,12.400745959386654,5.672623267374298e-4
mean,TRUE,1400,CAN,89.8754917649769,64.26087624991032,-17.21797235023041,15.448847926267284,4.632709049768768e-4
mean,TRUE,1400,CHI,65.44215308052307,105.16384792448834,-49.34829215116278,9.653088662790697,6.503315313516083e-4
mean,TRUE,1400,CHN,-0.2906443373466051,65.3461204863292,-41.683166109253065,-1.66577480490524,9.442640373743051e-4
mean,TRUE,1400,COL,81.62430131884989,131.4050162177335,-61.89057718005087,12.11769903875167,0.0017632851236939698
mean,TRUE,1400,CRO,92.3017468704017,118.90617257114268,-61.70062252405208,19.126768534238828,0.0015517162457045603
mean,TRUE,1400,CUB,185.73860543035113,156.19708378041577,-8.957367319926561,12.999839887280643,0.0016639034517984886
mean,TRUE,1400,CZE,74.61057311249878,89.96937879989227,-50.06158680597254,17.4245092937299,0.003616947062843095
mean,TRUE,1400,DEN,-1.2286480485858267,51.29992839296405,-74.09935677108906,16.672468820583326,6.06893022520605e-4
mean,TRUE,1400,ECU,36.93506342799082,100.55337837683845,-50.29558652729385,2.758275261324041,5.786377535711465e-4
mean,TRUE,1400,EGY,125.2146318021352,111.60079979714396,-28.997124183006548,16.981917211328973,5.196531171075269e-4
mean,TRUE,1400,ENG,122.27831286147394,88.5254474896872,-11.856336352026005,15.569923371647512,0.0013039875500729689
mean,TRUE,1400,ESP,68.48403566897888,82.53616669907734,-49.944981283189705,17.772877929876195,0.006422599004241125
mean,TRUE,1400,FRA,76.75461999045393,104.00972923057033,-52.93453841655946,15.05340591743656,0.008263581583382645
mean,TRUE,1400,GEO,-42.11904393544329,16.815038325433783,-48.14027234901022,3.2393140839742784,4.770811559207184e-4
mean,TRUE,1400,GER,142.29090684883874,126.68060853489214,-16.943701268771434,12.265846395027587,0.011017020869955882
mean,TRUE,1400,GRE,104.85893044084673,133.23374129143338,-42.72532137210422,10.198700763043924,0.0021686134234070076
mean,TRUE,1400,HUN,58.798658522869154,77.02098245293988,-55.17594111417954,18.808459126679267,0.002429843995429936
mean,TRUE,1400,INA,59.01774237986174,57.126433726944924,-35.015557476231635,16.05416306539902,8.562397389653964e-4
mean,TRUE,1400,IND,-49.61120056368063,111.41963810570088,-130.97111109207268,8.600547878310188,0.0036633779455896454
mean,TRUE,1400,IRI,29.923456066544333,113.16065005240475,-83.14831968002537,11.27344856498635,0.002966535325280518
mean,TRUE,1400,ISR,76.26618197054691,128.4461119159503,-60.50108942561772,10.769335373108959,6.313576904533888e-4
mean,TRUE,1400,ITA,76.00835664554884,111.69902328947316,-66.97649823231998,18.67766150753251,0.0022461286638595845
mean,TRUE,1400,KAZ,-10.039947144208933,54.739544944875135,-64.0521658986175,8.482703533026111,9.389661944561582e-4
mean,TRUE,1400,LAT,55.93504699093977,13.975780182319207,27.73592588822153,0.5834266517357207,4.54651743738196e-4
mean,TRUE,1400,LTU,58.06139826679837,72.13317501071744,-19.913043478260875,4.494071146245055,4.95690904485569e-4
mean,TRUE,1400,MAS,11.04670963989737,30.323815280608507,-37.79157427937916,10.802522172949004,7.247218402896818e-4
mean,TRUE,1400,MDA,134.03487190279904,84.24305565432229,9.014249363867691,11.25470737913486,2.442247173170687e-4
mean,TRUE,1400,MEX,176.74124090911485,165.75595196077686,-16.61643835616438,10.705742887249738,0.001631100223831735
mean,TRUE,1400,MGL,104.21434437478761,115.03164426346335,-20.986068637444788,5.9643221202854235,4.129038896416712e-4
mean,TRUE,1400,NED,118.58117636008305,91.15720776302123,-18.879053461875543,16.736718736574385,0.0018930802384877923
mean,TRUE,1400,NOR,0.5658218304151261,121.49679170366186,-121.59560375874487,16.7294090049813,7.099019223025531e-4
mean,TRUE,1400,PER,107.20466594228175,176.53517967273916,-73.3495459857952,11.198912163984534,5.989101278970581e-4
mean,TRUE,1400,PHI,168.38682038017637,111.6708346750304,10.26848408446265,12.81950835171762,0.0010049929636548368
mean,TRUE,1400,POL,44.64790742904189,111.15598032195356,-75.28861548073164,12.919693514224619,0.003780065260553011
mean,TRUE,1400,ROU,26.889963360869245,61.32521143610865,-55.71599263351749,14.085230202578266,0.0015030568780839706
mean,TRUE,1400,RUS,84.71566395679287,115.82490883189084,-47.7703002940906,11.59149549673743,0.009548234046832796
mean,TRUE,1400,SLO,35.21316983365859,140.2331049441918,-111.08919705529877,16.955555555555556,7.078393785414339e-4
mean,TRUE,1400,SRB,117.23765440151017,140.49300814764192,-63.66302959646008,21.019037651360588,0.0025691253080330693
mean,TRUE,1400,SRI,100.55449132668996,93.91402229023554,-3.0453803687371703,3.3782160341654794,0.0018958819355106202
mean,TRUE,1400,SUI,105.61026641488553,158.25459204260298,-61.944725884802224,11.265232477446219,7.567992651497054e-4
mean,TRUE,1400,SVK,37.2706066060364,47.59241960480914,-55.50852679298319,21.373370696968916,0.001801203450621912
mean,TRUE,1400,SWE,61.062135879417255,66.64233488478966,-33.138237506617,12.937841878952796,7.488277269077659e-4
mean,TRUE,1400,TUR,31.767922382520915,95.79959062192587,-61.9881344537815,7.799361344537818,0.00267653201536009
mean,TRUE,1400,UKR,128.04486743333086,112.63809475912186,-19.941440620546246,13.528426905913413,0.001495345216794166
mean,TRUE,1400,USA,127.46667814531176,120.80903801662178,-27.92769576997675,14.38035909052773,0.0023520795240091928
mean,TRUE,1400,UZB,50.77053259074784,102.56005799055302,-51.821244358478395,7.052707930367507,4.176042925009257e-4
mean,TRUE,1400,VEN,82.15327961297633,83.14204052788234,-30.596016237787254,13.219485344708954,7.1613918129478e-4
mean,TRUE,1400,VIE,56.50506055729004,57.732954443366886,-4.945325269695985,1.8098234717227832,5.726264808367345e-4
mean,TRUE,1600,ARG,14.61415953225404,86.77838494606644,-93.32262190247802,14.133573141486806,8.61582997751804e-4
mean,TRUE,1600,ARM,74.86182617215904,111.21412616830877,-43.18238636363637,4.249431818181819,3.018934208727046e-4
mean,TRUE,1600,AUT,79.73872011741787,130.38267106329715,-73.84470547945206,16.180678082191783,0.0019935488373642005
mean,TRUE,1600,AZE,44.40928452156713,68.863496070217,-30.444853944853946,3.9052689052689047,3.5036629858224114e-4
mean,TRUE,1600,BEL,48.67858508830423,101.29932302626035,-77.17277633981419,17.146411444852426,0.0010129556666315183
mean,TRUE,1600,BRA,110.47089429850439,129.42115956053328,-37.62249425649803,13.545159691878016,0.0020091369340724903
mean,TRUE,1600,BUL,36.42458887373281,107.57309954595354,-87.20840787119857,10.33534585569469,6.385279309452855e-4
mean,TRUE,1600,CHI,101.77661821914906,135.2880523946911,-47.123198352779696,9.40205902539465,6.844420094953117e-4
mean,TRUE,1600,CHN,4.059904412234317,60.191426121261145,-55.391011496922545,-1.9007083962373699,8.478914411928785e-4
mean,TRUE,1600,COL,64.58255143037935,127.15683322967787,-81.42143962848297,12.630611455108358,0.0018458930210442867
mean,TRUE,1600,CRO,53.311096303963346,103.62567556470299,-75.5010138248848,17.67732718894009,0.0015723944220943575
mean,TRUE,1600,CUB,121.88876434096373,141.14603788903992,-36.5606164919418,12.511484900641523,0.0018078399939307902
mean,TRUE,1600,CZE,27.720247060113735,74.62395670743338,-70.26382614344348,16.389815306935958,0.0037977892117987103
mean,TRUE,1600,ENG,59.15902861054494,73.79725376083582,-34.02512704686619,14.184345002823264,0.001178900627451419
mean,TRUE,1600,ESP,28.952685110647277,77.02198700553103,-72.14802305827314,16.90064549932558,0.005832282258366743
mean,TRUE,1600,FRA,46.52005355787414,101.528878132378,-78.67754133092171,16.426901171593183,0.006705411373187828
mean,TRUE,1600,GEO,9.009140259831925,24.671851841019333,-20.562085726911192,3.297834732655769,5.042438312971589e-4
mean,TRUE,1600,GER,95.32007533908869,108.1723885220313,-29.647776292685478,12.284236182089785,0.011025939778003247
mean,TRUE,1600,GRE,89.59300892253518,132.09811974705104,-56.85023474178402,9.736306729264477,0.0019281859171804425
mean,TRUE,1600,HUN,33.00493880408855,76.45837818574694,-69.51574634251801,18.49847485280556,0.0026139035977463467
mean,TRUE,1600,INA,67.03540651599987,81.56905719265293,-37.23706122448979,16.67338775510204,0.0010231298338255394
mean,TRUE,1600,IND,-35.54395365172973,92.09321149530194,-140.27423527730133,6.415022870211551,0.002529230869472835
mean,TRUE,1600,IRI,-36.962401798728074,97.13863823966602,-153.14343434343434,11.06243920688365,0.0015807460704141615
mean,TRUE,1600,ISR,49.54028936932287,116.64164004027745,-79.7714683755921,7.890888826971306,6.183487736254668e-4
mean,TRUE,1600,ITA,9.6370404536291,102.84881255871503,-121.9307485001123,19.297555263242327,0.001863703016064776
mean,TRUE,1600,KAZ,-20.716556987323326,53.86158990285334,-88.47823063756954,8.633825417201539,7.656889355088085e-4
mean,TRUE,1600,LAT,61.00225121519772,26.729607711651862,37.4043911554033,-1.5264715042042951,5.017051711981742e-4
mean,TRUE,1600,LTU,64.47058573947446,69.46826317329737,-15.252463421916985,7.568677217079724,5.369519292389125e-4
mean,TRUE,1600,MEX,136.6060150588236,161.07742287664522,-39.28597285067873,10.520549227648623,0.0014691985879810043
mean,TRUE,1600,MGL,76.40428299171839,100.95492879392162,-32.44358178053831,5.329192546583851,5.438206092419993e-4
mean,TRUE,1600,NED,20.84850670965971,37.711669601302376,-37.62441835181562,15.161426397042831,0.001887107066139994
mean,TRUE,1600,NOR,23.374893498020736,137.14568529567737,-138.95286695119688,16.15296591822849,6.7408348747233e-4
mean,TRUE,1600,PHI,153.27639507037944,136.26546519407486,-0.23092615259078286,13.334761321909422,8.72531131822251e-4
mean,TRUE,1600,POL,43.72666370586288,97.24304035276722,-71.00762942779292,11.831153078265672,0.003767817364071947
mean,TRUE,1600,ROU,3.3098922152461157,53.218459818316376,-66.82385019331755,11.485804143343525,0.0014542248545758893
mean,TRUE,1600,RUS,53.22202788442982,101.97161373771824,-67.75106251544352,13.077699530516433,0.009238406438139295
mean,TRUE,1600,SLO,-4.689430782342939,108.03171668334886,-136.55457227138643,15.166982722292456,7.836595890243266e-4
mean,TRUE,1600,SRB,63.87586555155144,121.21575824896166,-84.46918715099879,18.96557480858903,0.0027599384867300946
mean,TRUE,1600,SVK,-10.652627430402553,42.00515724184237,-81.84793385503347,20.622924117417938,0.0017110356116239148
mean,TRUE,1600,SWE,22.894909077843064,40.362041330920505,-37.167596361626195,14.351625709834664,7.669232769915713e-4
mean,TRUE,1600,TUR,30.483509265385074,91.57744499228079,-71.80284185891006,6.564482335896578,0.0018867208656345134
mean,TRUE,1600,UKR,93.6213899872794,119.04896244936998,-43.543102096293595,12.972511195915455,0.0014355842857222178
mean,TRUE,1600,USA,65.132721525092,99.36617150860442,-53.69265735157798,13.768843494603999,0.002138518899100138
mean,TRUE,1600,UZB,51.87863124237277,109.3253101884614,-68.35762711864406,6.803389830508472,3.5323208953129854e-4
mean,TRUE,1600,VIE,73.14520686271943,71.21236130925172,-2.458333333333343,3.338596491228067,5.839538348387705e-4
top10,FALSE,1000,ARG,-17.736764300000175,13.071181703564825,171.3,-2.3999999999999986,1.746888131230271e-4
top10,FALSE,1000,AUT,61.51926230000015,26.107391038582634,60.299999999999955,11.899999999999999,4.955823574560127e-4
top10,FALSE,1000,BAN,108.53729820000001,146.61369679505597,238.89999999999998,-2,2.3687744630939892e-4
top10,FALSE,1000,BEL,134.79507060000003,138.3805733550677,235.99999999999997,7.400000000000006,3.064223660478647e-4
top10,FALSE,1000,BRA,190.0716192,161.06725866547865,53.69999999999999,9.899999999999999,3.1968979586968196e-4
top10,FALSE,1000,BUL,41.193337899999904,61.30468706278957,175.60000000000002,0.6999999999999957,0.00019668096374166101
top10,FALSE,1000,CHI,163.01910390000006,181.88937345515535,253.20000000000002,3.799999999999997,2.1927429010897966e-4
top10,FALSE,1000,CHN,146.46895439999983,131.37657004994355,6.800000000000011,4.400000000000002,3.768246506732574e-4
top10,FALSE,1000,COL,113.02951199999981,111.60974953876385,135.3,5.200000000000003,3.392136562784572e-4
top10,FALSE,1000,CRO,97.8227478999998,132.42943748887404,335.8,2.3999999999999986,3.765009772313921e-4
top10,FALSE,1000,CUB,153.17267360000028,167.16364797996138,116.89999999999998,0.3000000000000007,4.181748165064347e-4
top10,FALSE,1000,CZE,76.93200330000013,88.67237609134804,254.19999999999993,5.800000000000004,4.3769112397542767e-4
top10,FALSE,1000,DEN,7.596325199999853,41.92048608775195,145.09999999999997,-4.299999999999997,2.6806282242614e-4
top10,FALSE,1000,EGY,131.21289030000008,106.99752668605902,189.29999999999998,13.399999999999999,2.418603107726541e-4
top10,FALSE,1000,ENG,56.69436360000003,62.1670473055141,140.90000000000003,3.5,2.5326858970203646e-4
top10,FALSE,1000,ESP,96.14444339999994,130.83043519141637,167.60000000000002,-3.6000000000000014,5.058798023188474e-4
top10,FALSE,1000,FRA,95.59476069999991,128.43433645209666,156.10000000000002,-3.5,4.798530564984881e-4
top10,FALSE,1000,GEO,73.39083239999964,48.69769212998517,-0.0999999999999659,6.800000000000001,3.808870605706304e-4
top10,FALSE,1000,GER,110.78161630000022,148.7779028897046,97.60000000000002,-7,9.262564440676107e-4
top10,FALSE,1000,GRE,178.85963090000013,189.59525091387664,119.80000000000001,1.2999999999999972,3.1809607744785767e-4
top10,FALSE,1000,HUN,36.87077110000024,81.60486880910693,163.89999999999998,-6.5,3.779351835315274e-4
top10,FALSE,1000,IND,-99.37566520000001,-103.11181373060104,4.7999999999999545,1.1999999999999993,1.6313190489386238e-4
top10,FALSE,1000,IRI,13.360118400000033,52.16432007772208,298,-0.10000000000000142,1.8818857908465387e-4
top10,FALSE,1000,ISR,38.02459710000011,40.505814423013916,157.10000000000002,4.899999999999999,2.0089204818118638e-4
top10,FALSE,1000,ITA,4.361667199999829,24.989644274363336,199.3,1.4000000000000021,3.585793325006635e-4
top10,FALSE,1000,KAZ,31.011012599999844,34.576122942465396,61.39999999999998,1.1999999999999993,1.940788066697926e-4
top10,FALSE,1000,KOR,464.47207389999994,496.2908176549612,151,-3.3999999999999986,6.777410598868273e-5
top10,FALSE,1000,LAT,130.6187954000001,184.63483057031613,452.5,1.2000000000000028,1.9386671198143334e-4
top10,FALSE,1000,LTU,39.883273400000064,52.20795232522243,149,1.8999999999999986,2.016241551551132e-4
top10,FALSE,1000,MEX,189.32938789999994,145.11160413838215,-36.10000000000002,10.899999999999999,3.9020106121265724e-4
top10,FALSE,1000,NED,20.200526799999977,68.6994480029847,361.90000000000003,-0.5,4.1520199772785967e-4
top10,FALSE,1000,NOR,3.183375399999875,53.44860063695265,232.09999999999997,-5.600000000000001,1.5943077888690935e-4
top10,FALSE,1000,PHI,172.34683810000024,152.3495309910322,160.09999999999997,11.200000000000003,2.518486596091394e-4
top10,FALSE,1000,POL,104.94000180000006,93.59841742626828,-0.6999999999999886,3.1000000000000014,4.0221279335533443e-4
top10,FALSE,1000,ROU,-13.242917800000157,-3.8652749954607923,114.90000000000003,1.5,2.18099929426325e-4
top10,FALSE,1000,RUS,127.25235729999983,128.96563455739079,-3.6000000000000227,-0.5999999999999979,8.017106391885182e-4
top10,FALSE,1000,SLO,47.01993720000013,0.16359752366278713,-45.299999999999955,11.300000000000004,2.496630944200403e-4
top10,FALSE,1000,SRB,56.21495449999995,88.92314316523232,138.2,-4.099999999999994,6.521030054920631e-4
top10,FALSE,1000,SRI,237.4241164,206.72304370943738,113.7,12.5,5.081480326707052e-4
top10,FALSE,1000,SUI,44.14486310000012,31.51696901104612,45.60000000000002,5.099999999999994,3.299323092469365e-4
top10,FALSE,1000,SVK,-68.65955469999983,-36.69683807160003,273.09999999999997,0.8999999999999986,3.7691397145948234e-4
top10,FALSE,1000,SWE,34.401331300000095,69.42701984445316,246.2,-0.8999999999999986,3.043438579834129e-4
top10,FALSE,1000,TUR,55.743306799999914,117.69379247849665,263.6,-7.700000000000003,1.5485796505860833e-4
top10,FALSE,1000,UKR,92.2976452,85.5713060573162,60.400000000000034,4,4.7140367297934864e-4
top10,FALSE,1000,USA,-27.401028800000006,13.960027052587481,230.59999999999997,-3.1999999999999993,1.9380120649134741e-4
top10,FALSE,1000,VIE,153.13084179999998,161.32106965869082,85.99999999999997,0.7999999999999972,1.9589552288680655e-4
top10,FALSE,1400,ARG,-30.174911100000145,10.510304600939042,171.3,-2.3999999999999986,1.7514336866686895e-4
top10,FALSE,1400,AUT,51.30987780000015,21.28262483424482,60.299999999999955,11.899999999999999,4.8427564289224806e-4
top10,FALSE,1400,BEL,100.84845010000004,119.64444144303016,235.99999999999997,7.400000000000006,2.915198749743907e-4
top10,FALSE,1400,BRA,173.43005649999998,149.11654751686956,53.69999999999999,9.899999999999999,3.1728872786130377e-4
top10,FALSE,1400,BUL,56.69299499999988,87.40258866320022,175.60000000000002,0.6999999999999957,2.1287508534917243e-4
top10,FALSE,1400,CHN,145.52241019999983,131.494982605973,6.800000000000011,4.400000000000002,3.7806511283277233e-4
top10,FALSE,1400,COL,102.2697497999998,109.71356530557117,135.3,5.200000000000003,3.3123001514367186e-4
top10,FALSE,1400,CRO,87.28445389999979,142.31704532794893,335.8,2.3999999999999986,3.6556146732605413e-4
top10,FALSE,1400,CUB,153.4732675000003,174.49483146819412,116.89999999999998,0.3000000000000007,4.1912687867046633e-4
top10,FALSE,1400,CZE,68.92061400000017,96.71957471841495,254.19999999999993,5.800000000000004,4.344887505376779e-4
top10,FALSE,1400,ENG,43.1951358,57.61158048219447,140.90000000000003,3.5,2.523621734186863e-4
top10,FALSE,1400,ESP,61.07532619999995,105.23786466569356,167.60000000000002,-3.6000000000000014,4.651690554156798e-4
top10,FALSE,1400,FRA,63.4686180999999,105.11249429589621,156.10000000000002,-3.5,4.473768470120699e-4
top10,FALSE,1400,GEO,89.72996319999964,66.04868944159297,-0.0999999999999659,6.800000000000001,4.4585726887776616e-4
top10,FALSE,1400,GER,105.10893670000019,147.88980403981208,97.60000000000002,-7,9.125387775748176e-4
top10,FALSE,1400,GRE,153.31918660000008,171.40837646122074,119.80000000000001,1.2999999999999972,3.2179786143551604e-4
top10,FALSE,1400,HUN,32.54827500000022,86.10373578782111,163.89999999999998,-6.5,3.759268772360237e-4
top10,FALSE,1400,IND,-64.37217609999999,-67.6418680466874,4.7999999999999545,1.1999999999999993,1.9551464247479072e-4
top10,FALSE,1400,IRI,-68.2938678999999,-11.696815288205954,298,-0.10000000000000142,1.727174820016348e-4
top10,FALSE,1400,ISR,33.91975609999997,46.52236624273509,157.10000000000002,4.899999999999999,2.0199250376567052e-4
top10,FALSE,1400,ITA,-34.88620420000018,-2.1389452957611406,199.3,1.4000000000000021,3.260875696829674e-4
top10,FALSE,1400,KAZ,5.17346179999987,12.587319219305517,61.39999999999998,1.1999999999999993,1.8415241827118923e-4
top10,FALSE,1400,LAT,140.0956816000001,221.33173260658282,452.5,1.2000000000000028,2.0445969354903004e-4
top10,FALSE,1400,LTU,48.04895170000006,69.5619373371458,149,1.8999999999999986,2.1229403456844286e-4
top10,FALSE,1400,MEX,180.83697469999998,136.09347630552259,-36.10000000000002,10.899999999999999,3.861621830609512e-4
top10,FALSE,1400,NED,4.104906999999969,74.15532836680065,361.90000000000003,-0.5,4.072105114960791e-4
top10,FALSE,1400,PHI,154.01592150000025,145.26228150345605,160.09999999999997,11.200000000000003,2.442217494839369e-4
top10,FALSE,1400,POL,96.21748230000006,85.29808381650207,-0.6999999999999886,3.1000000000000014,3.8814676826716524e-4
top10,FALSE,1400,ROU,-5.894884700000148,10.573451355273882,114.90000000000003,1.5,2.2980459450585927e-4
top10,FALSE,1400,RUS,117.0520744999998,118.46041412636131,-3.6000000000000227,-0.5999999999999979,7.480717869301015e-4
top10,FALSE,1400,SLO,49.462524600000165,1.590571767120636,-45.299999999999955,11.300000000000004,2.5400096799842913e-4
top10,FALSE,1400,SRB,51.97078449999995,92.32379968738672,138.2,-4.099999999999994,6.432261158080999e-4
top10,FALSE,1400,SRI,219.29466330000002,197.25908410764384,113.7,12.5,4.927874278709325e-4
top10,FALSE,1400,SUI,13.6205475000001,4.480990013204533,45.60000000000002,5.099999999999994,3.1622701982389966e-4
top10,FALSE,1400,SVK,-90.25062339999982,-41.833341933599684,273.09999999999997,0.8999999999999986,3.5656383661548333e-4
top10,FALSE,1400,SWE,-6.891564599999924,42.71177559014045,246.2,-0.8999999999999986,2.699268551072536e-4
top10,FALSE,1400,TUR,19.705716199999813,96.25579665087339,263.6,-7.700000000000003,1.578312145424111e-4
top10,FALSE,1400,UKR,86.85050769999995,84.3322693827161,60.400000000000034,4,4.58367272943107e-4
top10,FALSE,1400,USA,-38.493202499999995,16.169013404052922,230.59999999999997,-3.1999999999999993,1.9350031408319477e-4
top10,FALSE,1400,VIE,150.5747311,164.02387441064582,85.99999999999997,0.7999999999999972,1.9955540476125503e-4
top10,FALSE,1600,ARG,12.838053999999829,57.680804899843395,171.3,-2.3999999999999986,2.0677750566866563e-4
top10,FALSE,1600,AUT,40.82266010000018,34.768253603070164,60.299999999999955,11.899999999999999,4.73885345620186e-4
top10,FALSE,1600,BRA,152.4771396,148.28066922755158,53.69999999999999,9.899999999999999,3.167852941130179e-4
top10,FALSE,1600,CHN,147.47239729999984,141.54934962901052,6.800000000000011,4.400000000000002,3.820050332000093e-4
top10,FALSE,1600,COL,100.48422589999981,123.74379788423742,135.3,5.200000000000003,3.3516037605916285e-4
top10,FALSE,1600,CRO,82.58938279999978,158.3200483204281,335.8,2.3999999999999986,3.6450864542038905e-4
top10,FALSE,1600,CUB,152.79920790000028,180.08049519237855,116.89999999999998,0.3000000000000007,4.181405145566764e-4
top10,FALSE,1600,CZE,62.59606020000018,113.09837725471853,254.19999999999993,5.800000000000004,4.343144827214887e-4
top10,FALSE,1600,ENG,20.022761400000036,47.52698630375486,140.90000000000003,3.5,2.5400900364880036e-4
top10,FALSE,1600,ESP,57.89033979999999,103.90967270241514,167.60000000000002,-3.6000000000000014,4.6718656943516587e-4
top10,FALSE,1600,FRA,40.771193799999935,83.88480497753234,156.10000000000002,-3.5,4.28233373751551e-4
top10,FALSE,1600,GEO,105.31457829999964,93.63824859032373,-0.0999999999999659,6.800000000000001,5.177401214273451e-4
top10,FALSE,1600,GER,94.42194280000018,129.62361760272748,97.60000000000002,-7,8.814776030553519e-4
top10,FALSE,1600,GRE,138.46267810000006,164.71988913339507,119.80000000000001,1.2999999999999972,3.2609878269174777e-4
top10,FALSE,1600,HUN,28.19167630000021,78.30072937010951,163.89999999999998,-6.5,3.761512885974915e-4
top10,FALSE,1600,IND,2.8116926000000717,1.8966581384702903,4.7999999999999545,1.1999999999999993,2.73162154474655e-4
top10,FALSE,1600,ITA,-56.272054000000196,-11.283449932575062,199.3,1.4000000000000021,3.228737233634804e-4
top10,FALSE,1600,KAZ,35.39997659999986,47.9427519775302,61.39999999999998,1.1999999999999993,2.183901236772248e-4
top10,FALSE,1600,LAT,152.6943586000001,258.2291733424847,452.5,1.2000000000000028,2.1612163375569725e-4
top10,FALSE,1600,MEX,165.54587629999995,138.28400507349983,-36.10000000000002,10.899999999999999,3.7986851806788807e-4
top10,FALSE,1600,NED,-13.97526270000003,72.93068364543676,361.90000000000003,-0.5,4.036255237019193e-4
top10,FALSE,1600,POL,100.5254839000001,95.04685143106548,-0.6999999999999886,3.1000000000000014,4.0024461555282763e-4
top10,FALSE,1600,ROU,19.21508669999986,43.964500186226296,114.90000000000003,1.5,2.672822915937347e-4
top10,FALSE,1600,RUS,110.53156739999983,110.70376004053729,-3.6000000000000227,-0.5999999999999979,7.16984831919877e-4
top10,FALSE,1600,SRB,50.28716739999993,90.1728531845263,138.2,-4.099999999999994,6.42523962668576e-4
top10,FALSE,1600,SVK,-99.29453609999985,-35.90166439090508,273.09999999999997,0.8999999999999986,3.633163357051019e-4
top10,FALSE,1600,TUR,22.591606199999887,98.46271013061039,263.6,-7.700000000000003,1.6881768044126015e-4
top10,FALSE,1600,UKR,84.79626989999997,92.30316486664873,60.400000000000034,4,4.590415955451153e-4
top10,FALSE,1600,USA,-46.3587134,13.954716215208355,230.59999999999997,-3.1999999999999993,1.971112795645284e-4
top10,FALSE,1600,VIE,152.1482039,171.225577651339,85.99999999999997,0.7999999999999972,2.0455058729902296e-4
top10,TRUE,1000,ALG,239.7422415999998,199.31335479502303,97.80000000000001,6.100000000000001,1.649771792204848e-4
top10,TRUE,1000,ANG,357.5952641000001,272.80908740398064,59.19999999999999,13.5,2.3834885867056086e-4
top10,TRUE,1000,ARG,104.96952440000024,91.43125075174808,144.7,1.5,2.5791796436085254e-4
top10,TRUE,1000,ARM,172.49742440000017,147.38159063510955,203,3.1000000000000014,2.326794058256707e-4
top10,TRUE,1000,AUS,130.15353399999998,167.94130090164327,279.6,-7.5,1.6232035925014908e-4
top10,TRUE,1000,AUT,99.30956789999982,20.392896008307275,68.59999999999997,12.5,5.559275218359154e-4
top10,TRUE,1000,AZE,136.92912410000028,88.4540467803998,78.90000000000003,7.5,2.124863519051375e-4
top10,TRUE,1000,BAN,156.7256476999999,142.29178243460868,216,1.3000000000000043,2.177450102895788e-4
top10,TRUE,1000,BEL,203.79208340000002,129.90259136485312,209.4,11,3.541620825351632e-4
top10,TRUE,1000,BIH,250.1059299000001,199.29624319821383,219.1,7.200000000000003,2.9587889101774213e-4
top10,TRUE,1000,BLR,205.06584759999976,147.1120689395213,355.59999999999997,7.700000000000003,1.7983208366605406e-4
top10,TRUE,1000,BOL,234.47181949999992,194.92785585480783,-14.400000000000006,6.5,2.0147636399820893e-4
top10,TRUE,1000,BOT,266.2073569000001,215.05602195150854,44.900000000000006,8.100000000000001,2.0030391341693937e-4
top10,TRUE,1000,BRA,276.38542579999995,213.90223848279987,53.69999999999999,9.899999999999999,3.2125257800788614e-4
top10,TRUE,1000,BUL,76.8278882999999,19.517880036570034,45.19999999999999,9.100000000000001,3.375274894992073e-4
top10,TRUE,1000,CAN,132.59781089999984,47.740556440040166,144.09999999999997,13.100000000000001,2.1761503142910354e-4
top10,TRUE,1000,CHI,260.8806987999999,227.22977105924565,200.50000000000003,4.5,2.90844189268059e-4
top10,TRUE,1000,CHN,130.2708342,99.68998960127942,15,4.900000000000002,3.8427164299794416e-4
top10,TRUE,1000,COL,173.89803109999977,134.3175070975506,110.60000000000002,5.900000000000002,4.044963380312651e-4
top10,TRUE,1000,CRC,175.94204839999992,93.6345129502311,79.19999999999999,13,1.5409814419528958e-4
top10,TRUE,1000,CRO,154.73777929999977,129.58750374584017,307.3,2.5999999999999943,4.384011007778022e-4
top10,TRUE,1000,CUB,231.09506079999989,212.2792689446641,156.70000000000005,2.3000000000000007,7.333826441851113e-4
top10,TRUE,1000,CZE,142.71293550000013,99.46649808892988,254.19999999999993,5.800000000000004,5.047124616008172e-4
top10,TRUE,1000,DEN,48.396766200000116,53.80811689784034,189.79999999999995,-1.8000000000000043,3.01857737200682e-4
top10,TRUE,1000,DOM,272.96156340000005,215.3232386166676,118.1,8.799999999999997,2.83223234767171e-4
top10,TRUE,1000,ECU,243.4479837,172.93178636015057,-6.900000000000006,11.5,1.2306970229300927e-4
top10,TRUE,1000,EGY,218.81964940000012,135.25965064383865,183.1,12.700000000000003,2.9132981887726586e-4
top10,TRUE,1000,ENG,135.24319239999983,85.1455239753646,112.70000000000002,7.600000000000001,2.83852971610926e-4
top10,TRUE,1000,ESP,155.16838669999984,159.074196854047,95.89999999999998,-1.1000000000000014,6.929383508119456e-4
top10,TRUE,1000,EST,163.1208088,150.09316899432844,148.20000000000002,1.3999999999999986,2.1325179107809913e-4
top10,TRUE,1000,FRA,137.2771379999999,154.14766661851274,156.10000000000002,-3.5,5.540773870678357e-4
top10,TRUE,1000,GEO,103.04797799999965,61.23279539787368,-0.0999999999999659,6.800000000000001,4.905864887780591e-4
top10,TRUE,1000,GER,140.53231090000014,176.92946925110397,78.69999999999999,-6.299999999999997,0.0010449716733593496
top10,TRUE,1000,GRE,206.6358342000001,190.856546248107,96.10000000000002,2.1000000000000014,3.4931148691219827e-4
top10,TRUE,1000,HUN,98.10543160000017,123.15457597175501,129.3,-4.700000000000003,4.7126822418482316e-4
top10,TRUE,1000,INA,98.87893099999997,49.69560345517844,61.400000000000006,7.699999999999999,3.7399808425358686e-4
top10,TRUE,1000,IND,105.5591130000002,95.9741961696244,-49.80000000000007,1.8000000000000007,5.378598933226575e-4
top10,TRUE,1000,IRI,56.905534300000085,38.62940054064201,283.00000000000006,1.5999999999999979,2.7224338718052086e-4
top10,TRUE,1000,IRQ,256.2552935,172.06580962124602,121.70000000000002,13.100000000000001,2.9521235716920626e-4
top10,TRUE,1000,ISR,120.6744700000001,60.06051970385691,135.40000000000003,9.199999999999996,2.8345298294127553e-4
top10,TRUE,1000,ITA,93.79005899999993,73.16300301298726,176.20000000000005,2.5,4.8599339345778165e-4
top10,TRUE,1000,JOR,244.15384310000002,164.43697538848352,136.70000000000002,12.3,1.1518693209128525e-4
top10,TRUE,1000,KAZ,37.99011350000001,-12.462383663314895,-19.80000000000001,8.3,2.991029747255869e-4
top10,TRUE,1000,KEN,324.5503008000002,208.70755653599468,48.900000000000006,18.599999999999998,2.8576486856748083e-4
top10,TRUE,1000,KGZ,221.7203421000001,149.65270703647033,86.4,11.299999999999997,9.359658598964242e-5
top10,TRUE,1000,KOR,283.8026143000001,247.72921748360494,96.1,5.400000000000002,7.528497846579151e-5
top10,TRUE,1000,LAT,155.25991359999972,131.02491709374593,421,1.9000000000000057,2.1918622759536783e-4
top10,TRUE,1000,LTU,106.43389830000001,114.21531395480136,254.7,-2.5,2.1787347342253218e-4
top10,TRUE,1000,MAS,161.64919690000013,96.73036001518476,-9,10.599999999999998,1.8628725270087651e-4
top10,TRUE,1000,MDA,192.3749426999999,160.9829159748832,248.5,3.8999999999999986,1.4333323045454593e-4
top10,TRUE,1000,MEX,236.27992569999998,170.32405298601486,-36.10000000000002,10.899999999999999,4.005911357443969e-4
top10,TRUE,1000,MGL,143.5428124999999,119.17343880152933,-7.699999999999989,4,3.688466914779823e-4
top10,TRUE,1000,NED,65.29121929999997,57.57741582686548,361.90000000000003,-0.5,4.4501395801330775e-4
top10,TRUE,1000,NEP,277.34897489999986,242.27220988617327,227.7,4.600000000000001,3.3687772891899945e-4
top10,TRUE,1000,NOR,94.83224939999991,122.35156074605318,232.09999999999997,-5.600000000000001,1.964596310294502e-4
top10,TRUE,1000,PER,297.9762929,221.94157582515922,95.69999999999999,11.899999999999999,1.4702595725993214e-4
top10,TRUE,1000,PHI,266.61084360000024,189.14220844676686,143.79999999999998,11.900000000000002,3.6290686963816944e-4
top10,TRUE,1000,POL,167.54702109999988,135.85163158679103,-9.5,5.200000000000003,5.606624538336157e-4
top10,TRUE,1000,POR,173.75757720000007,80.62497955475916,70.99999999999997,14.8,2.2379538888299226e-4
top10,TRUE,1000,ROU,125.95901370000021,105.82384229289353,159.7,2.5,4.7685077949744073e-4
top10,TRUE,1000,RSA,267.3445302,229.94877271316793,99.20000000000002,5.599999999999998,1.933134662595818e-4
top10,TRUE,1000,RUS,172.89027390000018,160.9268178407111,-31.899999999999977,2.099999999999998,0.001059634818032754
top10,TRUE,1000,SGP,189.8348800999999,103.67103311361177,167.3,13.2,6.969660739966089e-5
top10,TRUE,1000,SLO,119.48160350000018,37.00359958480357,-142,14.100000000000001,3.5987335730386204e-4
top10,TRUE,1000,SRB,91.8217073999999,87.70305742076408,96.89999999999998,0.19999999999999574,7.449179581781459e-4
top10,TRUE,1000,SRI,238.50128570000018,203.52885983948704,224.2,4.599999999999998,2.801004360322154e-4
top10,TRUE,1000,SUI,102.19358670000014,69.47057379766596,45.60000000000002,5.099999999999994,3.5080521229435965e-4
top10,TRUE,1000,SVK,26.960784200000177,35.64382932668694,327.59999999999997,-3,4.548136615885749e-4
top10,TRUE,1000,SWE,96.75741569999997,77.23298015281117,201.09999999999997,2.200000000000003,3.7426568141112494e-4
top10,TRUE,1000,THA,373.51449419999994,358.85696941723734,79.10000000000001,2,1.268175233496961e-4
top10,TRUE,1000,TUR,166.65109360000028,130.55981007160858,96.70000000000005,5.399999999999999,3.362022476680712e-4
top10,TRUE,1000,UAE,470.4031229000001,402.7054143343363,1.6999999999999886,11,4.6854203882564717e-5
top10,TRUE,1000,UKR,149.8529382999999,119.53615724525196,47.40000000000009,4.699999999999999,6.533410932515473e-4
top10,TRUE,1000,USA,133.9396829,104.25497461987877,170.60000000000002,4,3.6310349750860455e-4
top10,TRUE,1000,UZB,180.47405869999963,166.82673967841188,107.10000000000002,1.6999999999999993,1.6077340386064023e-4
top10,TRUE,1000,VEN,214.75050779999995,196.28695703130973,227.4,1.8999999999999986,2.930075664277393e-4
top10,TRUE,1000,VIE,172.1547786,166.78829591697956,97.5,0.3999999999999986,2.080379190020187e-4
top10,TRUE,1000,ZAM,371.74658070000015,322.04030137130167,120.19999999999999,7.5000000000000036,3.0204454812933956e-4
top10,TRUE,1000,ZIM,401.23328850000024,345.4986425269937,95.5,8.600000000000001,1.667557054191624e-4
top10,TRUE,1400,ARG,63.25549150000023,65.58569770015664,144.7,1.5,2.2965717894336596e-4
top10,TRUE,1400,ARM,155.1437934000002,155.54587354403975,203,3.1000000000000014,2.2419633306442263e-4
top10,TRUE,1400,AUS,18.65242399999994,53.097336730315554,279.6,-7.5,1.530112107609695e-4
top10,TRUE,1400,AUT,72.97052319999977,40.12906995739733,68.59999999999997,12.5,5.224999828858405e-4
top10,TRUE,1400,AZE,119.89024770000026,101.91966038848487,78.90000000000003,7.5,2.1717628449556122e-4
top10,TRUE,1400,BEL,152.99446860000006,130.94252995798726,209.4,11,3.287536077327011e-4
top10,TRUE,1400,BLR,159.44672829999982,153.61556929532622,355.59999999999997,7.700000000000003,1.6967923544053084e-4
top10,TRUE,1400,BOL,135.99609059999992,116.617551866789,-14.400000000000006,6.5,1.6433660456525076e-4
top10,TRUE,1400,BRA,223.70361699999995,197.66418019028464,53.69999999999999,9.899999999999999,3.3800098352582776e-4
top10,TRUE,1400,BUL,65.74563679999991,41.61920254386108,45.19999999999999,9.100000000000001,3.304958001185708e-4
top10,TRUE,1400,CAN,53.03913729999988,21.939466994584848,144.09999999999997,13.100000000000001,1.8105247460756415e-4
top10,TRUE,1400,CHI,178.3401710999999,174.59605492269583,200.50000000000003,4.5,2.5395947047351307e-4
top10,TRUE,1400,CHN,117.0230108,103.60271901336276,15,4.900000000000002,3.856829868311082e-4
top10,TRUE,1400,COL,140.70208679999976,128.79543945727073,110.60000000000002,5.900000000000002,3.8417646112080334e-4
top10,TRUE,1400,CRO,116.82441779999976,123.45920123449675,307.3,2.5999999999999943,4.100496848256806e-4
top10,TRUE,1400,CUB,223.0289843999999,223.60702525429477,156.70000000000005,2.3000000000000007,6.895694638540165e-4
top10,TRUE,1400,CZE,109.50393230000014,104.48415672248544,254.19999999999993,5.800000000000004,4.8261123127695704e-4
top10,TRUE,1400,DEN,12.273284100000126,26.178372308930314,189.79999999999995,-1.8000000000000043,2.7889438476113074e-4
top10,TRUE,1400,ECU,182.27782120000003,148.84638862065225,-6.900000000000006,11.5,1.2016482229250402e-4
top10,TRUE,1400,EGY,154.36503210000012,126.20935142385062,183.1,12.700000000000003,2.5624633000926976e-4
top10,TRUE,1400,ENG,101.9128129999998,85.2075026800209,112.70000000000002,7.600000000000001,2.788275684981231e-4
top10,TRUE,1400,ESP,107.29808449999985,114.87248389260452,95.89999999999998,-1.1000000000000014,5.68933858840531e-4
top10,TRUE,1400,FRA,95.76069289999992,113.01231386795381,156.10000000000002,-3.5,5.10949066397504e-4
top10,TRUE,1400,GEO,92.82792019999964,73.24266364369244,-0.0999999999999659,6.800000000000001,4.7785735253028886e-4
top10,TRUE,1400,GER,126.73192090000015,148.48936710615277,78.69999999999999,-6.299999999999997,0.0010063388028832456
top10,TRUE,1400,GRE,152.64948020000008,151.01864148665183,96.10000000000002,2.1000000000000014,3.4604758745745176e-4
top10,TRUE,1400,HUN,68.76147080000015,88.23694909306315,129.3,-4.700000000000003,4.4951672828363176e-4
top10,TRUE,1400,INA,81.97879139999998,62.62811624968893,61.400000000000006,7.699999999999999,3.691362645932328e-4
top10,TRUE,1400,IND,66.26436960000018,58.79276969966702,-49.80000000000007,1.8000000000000007,4.5536454426875597e-4
top10,TRUE,1400,IRI,-15.536250699999925,-7.13862802081854,283.00000000000006,1.5999999999999979,2.2213947415182378e-4
top10,TRUE,1400,ISR,81.21090830000014,60.94152775400402,135.40000000000003,9.199999999999996,2.532470651474324e-4
top10,TRUE,1400,ITA,32.15257109999993,33.05080316848547,176.20000000000005,2.5,4.24037731560029e-4
top10,TRUE,1400,KAZ,15.490471400000018,-9.319332369960428,-19.80000000000001,8.3,2.7692073903732076e-4
top10,TRUE,1400,LAT,137.83197479999973,151.70732611160946,421,1.9000000000000057,2.21164275011827e-4
top10,TRUE,1400,LTU,73.10969979999999,92.0128256756177,254.7,-2.5,2.1307380408420968e-4
top10,TRUE,1400,MAS,45.001076500000124,14.06469969701807,-9,10.599999999999998,1.7075462006368034e-4
top10,TRUE,1400,MDA,164.2278737999999,164.41723044344937,248.5,3.8999999999999986,1.4364407885130874e-4
top10,TRUE,1400,MEX,216.6179513,183.57238227409366,-36.10000000000002,10.899999999999999,4.066055542784278e-4
top10,TRUE,1400,MGL,125.5144981999999,113.64262033860628,-7.699999999999989,4,3.5816976625604747e-4
top10,TRUE,1400,NED,46.240862799999945,64.31118457827584,361.90000000000003,-0.5,4.298924100223661e-4
top10,TRUE,1400,NOR,60.90514569999988,87.69620065208449,232.09999999999997,-5.600000000000001,1.880271722473028e-4
top10,TRUE,1400,PER,171.0282577999999,141.1598494806533,95.69999999999999,11.899999999999999,1.4786298260677615e-4
top10,TRUE,1400,PHI,257.64722510000024,229.98917954953586,143.79999999999998,11.900000000000002,3.5191675600319025e-4
top10,TRUE,1400,POL,136.3270166999999,120.91701175902662,-9.5,5.200000000000003,5.150548574936281e-4
top10,TRUE,1400,ROU,92.75783340000018,92.89783291782965,159.7,2.5,3.937120004734991e-4
top10,TRUE,1400,RUS,148.7137865000002,141.20090133307752,-31.899999999999977,2.099999999999998,9.407480286961988e-4
top10,TRUE,1400,SLO,97.90156970000018,50.77509749998275,-142,14.100000000000001,3.414249022107157e-4
top10,TRUE,1400,SRB,75.06332779999991,78.94031897908638,96.89999999999998,0.19999999999999574,7.085627471563814e-4
top10,TRUE,1400,SRI,199.86250150000018,196.9195320862552,224.2,4.599999999999998,2.894127582471892e-4
top10,TRUE,1400,SUI,53.38647110000011,40.7964542434495,45.60000000000002,5.099999999999994,3.3581746591956023e-4
top10,TRUE,1400,SVK,-9.959271599999795,13.73361804543283,327.59999999999997,-3,4.244667265179511e-4
top10,TRUE,1400,SWE,26.850706099999968,29.757032717988963,201.09999999999997,2.200000000000003,2.982233984781555e-4
top10,TRUE,1400,TUR,115.70945530000029,104.60380897575602,96.70000000000005,5.399999999999999,2.8742052368909565e-4
top10,TRUE,1400,UKR,130.1410499999999,118.78555302214473,47.40000000000009,4.699999999999999,6.073770105652068e-4
top10,TRUE,1400,USA,110.24902739999999,106.57065643448385,170.60000000000002,4,3.3876836737491844e-4
top10,TRUE,1400,UZB,114.34269379999967,114.36914705419755,107.10000000000002,1.6999999999999993,1.362917060059735e-4
top10,TRUE,1400,VEN,147.79145569999997,152.7702117505784,227.4,1.8999999999999986,2.547706181691941e-4
top10,TRUE,1400,VIE,155.3036969,158.6323583716166,97.5,0.3999999999999986,2.0916265935539736e-4
top10,TRUE,1600,ARG,70.52011140000019,86.62034622349172,144.7,1.5,2.465728601295459e-4
top10,TRUE,1600,ARM,125.13368120000015,146.07968666404614,203,3.1000000000000014,2.0778224901083002e-4
top10,TRUE,1600,AUT,58.34674599999977,46.54882480750173,68.59999999999997,12.5,5.072939281459174e-4
top10,TRUE,1600,AZE,110.96294080000024,108.72820490701773,78.90000000000003,7.5,2.2707872082554148e-4
top10,TRUE,1600,BEL,111.14541680000008,119.89185015413256,209.4,11,3.186922894165481e-4
top10,TRUE,1600,BRA,182.95048279999997,173.52551322671343,53.69999999999999,9.899999999999999,3.4149181882114725e-4
top10,TRUE,1600,BUL,55.02835599999992,45.83097665982676,45.19999999999999,9.100000000000001,3.2590980818200416e-4
top10,TRUE,1600,CHI,176.45465259999992,194.7722534737652,200.50000000000003,4.5,2.692773586797365e-4
top10,TRUE,1600,CHN,118.77967130000002,112.62862300123432,15,4.900000000000002,3.9289470525099294e-4
top10,TRUE,1600,COL,126.52829759999977,130.9995005001265,110.60000000000002,5.900000000000002,3.7774641242274205e-4
top10,TRUE,1600,CRO,98.54895109999978,133.70621990749123,307.3,2.5999999999999943,3.9750818211899233e-4
top10,TRUE,1600,CUB,203.79925849999987,220.12113623502051,156.70000000000005,2.3000000000000007,5.986309765776163e-4
top10,TRUE,1600,CZE,92.78771600000016,115.8551361897924,254.19999999999993,5.800000000000004,4.7559180481235785e-4
top10,TRUE,1600,ENG,63.89353649999987,65.83228613437335,112.70000000000002,7.600000000000001,2.761846058738069e-4
top10,TRUE,1600,ESP,88.74387709999985,102.86591965602288,95.89999999999998,-1.1000000000000014,5.388455070478362e-4
top10,TRUE,1600,FRA,73.49989089999994,99.30449858275178,156.10000000000002,-3.5,4.898080804769413e-4
top10,TRUE,1600,GEO,105.33646059999964,94.1156527571407,-0.0999999999999659,6.800000000000001,5.369767775474643e-4
top10,TRUE,1600,GER,111.23754860000014,131.72273371515908,78.69999999999999,-6.299999999999997,9.63679288632433e-4
top10,TRUE,1600,GRE,126.96464550000007,135.83801846959366,96.10000000000002,2.1000000000000014,3.4674463844086757e-4
top10,TRUE,1600,HUN,58.213775900000144,82.55641873750011,129.3,-4.700000000000003,4.4360595580815763e-4
top10,TRUE,1600,INA,82.75276669999997,77.94221883056522,61.400000000000006,7.699999999999999,3.7129006871758027e-4
top10,TRUE,1600,IND,80.00413960000017,70.64537743421427,-49.80000000000007,1.8000000000000007,4.929261693543821e-4
top10,TRUE,1600,IRI,-54.525112999999976,-20.838574473398495,283.00000000000006,1.5999999999999979,2.1033612277904706e-4
top10,TRUE,1600,ISR,59.96986480000015,62.1850422322789,135.40000000000003,9.199999999999996,2.4621141836405665e-4
top10,TRUE,1600,ITA,2.278430799999967,20.773532659074544,176.20000000000005,2.5,3.990169303583013e-4
top10,TRUE,1600,KAZ,13.237819700000017,-2.983875884859742,-19.80000000000001,8.3,2.8700323314896604e-4
top10,TRUE,1600,LAT,138.34006699999972,189.24475727835906,421,1.9000000000000057,2.2884329239849445e-4
top10,TRUE,1600,LTU,65.24723460000001,102.05915046276637,254.7,-2.5,2.2018285329263048e-4
top10,TRUE,1600,MEX,185.06701119999997,162.46777139225864,-36.10000000000002,10.899999999999999,4.000196194012219e-4
top10,TRUE,1600,MGL,116.06038999999991,108.47915201698947,-7.699999999999989,4,3.581253750498854e-4
top10,TRUE,1600,NED,14.653099699999984,61.92792248913171,361.90000000000003,-0.5,4.137363317945789e-4
top10,TRUE,1600,NOR,76.02494399999989,115.04561419686391,232.09999999999997,-5.600000000000001,2.092991310869759e-4
top10,TRUE,1600,PHI,225.02478990000026,223.86790246068298,143.79999999999998,11.900000000000002,3.1685989643575544e-4
top10,TRUE,1600,POL,131.33013019999987,121.53998050887706,-9.5,5.200000000000003,5.118299009395701e-4
top10,TRUE,1600,ROU,83.5255521000002,99.9028405629031,159.7,2.5,3.7948338726920706e-4
top10,TRUE,1600,RUS,137.5952644000002,130.0395395083832,-31.899999999999977,2.099999999999998,8.91456939899924e-4
top10,TRUE,1600,SLO,83.99958870000017,42.53349740681031,-142,14.100000000000001,3.3409016320333284e-4
top10,TRUE,1600,SRB,61.33198749999991,73.43968173700463,96.89999999999998,0.19999999999999574,6.819446481504071e-4
top10,TRUE,1600,SVK,-29.91924419999981,17.073671937133753,327.59999999999997,-3,4.1600716512647595e-4
top10,TRUE,1600,SWE,9.240639499999986,31.42618368224794,201.09999999999997,2.200000000000003,2.959855901400581e-4
top10,TRUE,1600,TUR,105.8924635000003,109.40368468736082,96.70000000000005,5.399999999999999,2.84346474950498e-4
top10,TRUE,1600,UKR,113.30324869999987,111.64046205059297,47.40000000000009,4.699999999999999,5.699352791896848e-4
top10,TRUE,1600,USA,79.31461519999999,94.61859712834773,170.60000000000002,4,3.088571931419115e-4
top10,TRUE,1600,UZB,105.68307899999968,116.62762007352076,107.10000000000002,1.6999999999999993,1.4436246136282475e-4
top10,TRUE,1600,VIE,156.5777868,168.43284617998933,97.5,0.3999999999999986,2.147569246608496e-4
top1,FALSE,1000,ARG,87.57627,87.93147240461009,456,-2,7.726279083694517e-5
top1,FALSE,1000,AUT,117.20676900000001,115.23951131870915,465,-6,9.69317172935305e-5
top1,FALSE,1000,BAN,173.703138,168.62708763123752,415,-11,4.3226458107801804e-5
top1,FALSE,1000,BEL,100.28962999999999,111.87211001943153,-229,21,8.322703497506552e-5
top1,FALSE,1000,BRA,249.347723,255.9187820421721,-145,12,8.881358700428102e-5
top1,FALSE,1000,BUL,29.034570000000002,30.49385591309239,-266,4,5.210583797875907e-5
top1,FALSE,1000,CHI,307.248518,304.73715831094654,303,-6,6.343591965525115e-5
top1,FALSE,1000,CHN,97.291606,99.1867020225562,214,2,2.1635371098759147e-4
top1,FALSE,1000,COL,214.685282,214.18779367415516,27,-1,1.6214404350478332e-4
top1,FALSE,1000,CRO,219.964486,220.43724130752176,491,-2,1.0228333339225812e-4
top1,FALSE,1000,CUB,162.882899,168.14835527155552,517,6,2.1006351301986018e-4
top1,FALSE,1000,CZE,196.119651,197.9471664559312,369,1,9.668080893796807e-5
top1,FALSE,1000,DEN,141.517514,130.9543361713343,-168,-17,6.521125240761926e-5
top1,FALSE,1000,EGY,147.107255,153.19680402967796,237,9,4.573609334441951e-5
top1,FALSE,1000,ENG,72.109575,77.78183592943992,463,7,6.606597781868994e-5
top1,FALSE,1000,ESP,96.500936,97.16971569865899,24,1,1.3520707532670346e-4
top1,FALSE,1000,FRA,129.398669,128.72530820923137,500,-4,8.957083785321182e-5
top1,FALSE,1000,GEO,106.159347,107.35207678020817,180,1,1.3093842692867596e-4
top1,FALSE,1000,GER,104.149312,109.28164453454004,-48,9,2.9080485032142154e-4
top1,FALSE,1000,GRE,281.153012,279.1093202267181,92,-4,1.0874225771810404e-4
top1,FALSE,1000,HUN,121.77309500000001,113.53787212823235,350,-16,9.247311798281995e-5
top1,FALSE,1000,IND,-12.442204000000004,-1.180018583355162,201,18,8.757166881370191e-5
top1,FALSE,1000,IRI,-68.789512,-67.23028141433429,114,2,8.505529176439582e-5
top1,FALSE,1000,ISR,153.354808,168.2005788078728,-133,26,9.051258113272902e-5
top1,FALSE,1000,ITA,5.786968999999999,1.9955545171468536,97,-7,9.16180252778646e-5
top1,FALSE,1000,KAZ,-3.484071,0.5189387080941565,-34,7,8.730640572688723e-5
top1,FALSE,1000,KOR,254.88495,255.43281814137842,-12,1,3.3711311448866097e-5
top1,FALSE,1000,LAT,228.973063,230.50460939222066,456,0,8.116221176855058e-5
top1,FALSE,1000,LTU,-76.584146,-62.19423840741084,782,20,1.4524221535286677e-4
top1,FALSE,1000,MEX,218.187273,229.0703379522055,-87,19,1.0433517938958028e-4
top1,FALSE,1000,NED,121.07875100000001,120.69128330983521,410,-3,7.723646054333798e-5
top1,FALSE,1000,NOR,195.927363,189.85338480442584,293,-12,3.1700762322934e-5
top1,FALSE,1000,PHI,291.70840599999997,298.04395175710175,-40,11,1.5932579062697986e-4
top1,FALSE,1000,POL,195.201132,188.4188852118338,-93,-11,1.3590791171146218e-4
top1,FALSE,1000,ROU,61.23297299999999,65.58945637532298,-279,9,1.3215010401756302e-4
top1,FALSE,1000,RUS,150.946313,158.9191533517462,-253,15,4.7791023499928767e-4
top1,FALSE,1000,SLO,138.058019,142.93255010662818,-475,11,8.046695277661073e-5
top1,FALSE,1000,SRB,121.74798999999999,109.71086920302555,619,-24,1.8493073151261928e-4
top1,FALSE,1000,SRI,255.987237,258.82194128735574,844,0,1.9162429350049482e-4
top1,FALSE,1000,SUI,101.642435,116.25686613566526,-377,27,8.4119847825329e-5
top1,FALSE,1000,SVK,36.375215,33.55567406750111,-139,-4,9.417635821301032e-5
top1,FALSE,1000,SWE,-56.04609799999997,-72.95571250736805,219,-30,8.09995577885531e-5
top1,FALSE,1000,TUR,-9.827875000000006,-16.455623687196564,-47,-11,6.294886139678862e-5
top1,FALSE,1000,UKR,73.17036,86.8125101060641,34,23,3.9093902216445157e-4
top1,FALSE,1000,USA,115.54681,111.03582852370737,233,-9,5.735481177059697e-5
top1,FALSE,1000,VIE,263.158314,261.2422510927366,130,-4,4.113042411186251e-5
top1,FALSE,1400,ARG,81.04099500000001,80.72591469866727,456,-2,7.413580488756535e-5
top1,FALSE,1400,AUT,110.054381,108.69603382676252,465,-6,9.615098989609244e-5
top1,FALSE,1400,BEL,77.531136,82.92513971932246,-229,21,7.542906447857807e-5
top1,FALSE,1400,BRA,235.924905,239.00072273667743,-145,12,7.977819874678052e-5
top1,FALSE,1400,BUL,36.45676,37.382453991290696,-266,4,5.155771241225885e-5
top1,FALSE,1400,CHN,96.650443,97.2720362585756,214,2,2.157149627084959e-4
top1,FALSE,1400,COL,208.67866600000002,208.4291719621608,27,-1,1.498275516164818e-4
top1,FALSE,1400,CRO,213.068939,212.76987056956798,491,-2,9.839685647021488e-5
top1,FALSE,1400,CUB,163.05100099999999,164.85859552250983,517,6,2.104860693106573e-4
top1,FALSE,1400,CZE,190.150689,190.58134592003051,369,1,9.503976838794082e-5
top1,FALSE,1400,ENG,63.118087,65.16282354565422,463,7,6.429797777038008e-5
top1,FALSE,1400,ESP,73.30931100000001,73.58213662115176,24,1,1.2475566874597295e-4
top1,FALSE,1400,FRA,105.93843799999999,105.11979480273143,500,-4,8.987750940508188e-5
top1,FALSE,1400,GEO,113.658158,114.0023508171665,180,1,1.2908184906124367e-4
top1,FALSE,1400,GER,100.102035,102.43669033557151,-48,9,2.760484789510938e-4
top1,FALSE,1400,GRE,262.400942,261.3956461362313,92,-4,9.247318823689056e-5
top1,FALSE,1400,HUN,118.87435199999999,114.844933868462,350,-16,9.134145646959662e-5
top1,FALSE,1400,IND,4.197815999999989,9.002998832786481,201,18,9.733234895935357e-5
top1,FALSE,1400,IRI,-115.316427,-114.74058194399797,114,2,6.308971990556834e-5
top1,FALSE,1400,ISR,151.284865,158.03201725646352,-133,26,8.914894262971617e-5
top1,FALSE,1400,ITA,-20.638524000000018,-22.4270706112423,97,-7,8.282395659353303e-5
top1,FALSE,1400,KAZ,-15.676175999999998,-13.858808021136372,-34,7,8.417812038643656e-5
top1,FALSE,1400,LAT,233.697875,233.90648680373545,456,0,8.288240982302402e-5
top1,FALSE,1400,LTU,-73.208321,-67.61364900519294,782,20,1.5332423044085063e-4
top1,FALSE,1400,MEX,212.186377,217.12165106190872,-87,19,1.0286508842841162e-4
top1,FALSE,1400,NED,109.39786500000002,108.79989447294935,410,-3,7.606320862414035e-5
top1,FALSE,1400,PHI,284.531801,287.3938082968455,-40,11,1.5051433579908795e-4
top1,FALSE,1400,POL,190.206781,187.28392859373162,-93,-11,1.3365601397766414e-4
top1,FALSE,1400,ROU,64.28644499999999,66.51542198762658,-279,9,1.3622153291040784e-4
top1,FALSE,1400,RUS,145.965619,149.77756683550027,-253,15,4.332420066890191e-4
top1,FALSE,1400,SLO,139.339398,142.00240061565057,-475,11,8.09899433678588e-5
top1,FALSE,1400,SRB,118.84084100000001,112.83971711311216,619,-24,1.8216505465484692e-4
top1,FALSE,1400,SRI,245.932821,246.31893582972083,844,0,1.9113252500626337e-4
top1,FALSE,1400,SUI,82.163925,89.06129769471814,-377,27,7.969893086928062e-5
top1,FALSE,1400,SVK,21.837568000000005,20.72659378828639,-139,-4,8.883999052074009e-5
top1,FALSE,1400,SWE,-81.04988900000001,-88.80508201238663,219,-30,7.507284528485192e-5
top1,FALSE,1400,TUR,-31.477788000000004,-34.37959623308458,-47,-11,5.641624203229053e-5
top1,FALSE,1400,UKR,71.046429,77.08444259715911,34,23,3.6926246406897246e-4
top1,FALSE,1400,USA,108.63580400000001,106.38578283918957,233,-9,5.5828125836525615e-5
top1,FALSE,1400,VIE,261.044147,260.05623545320924,130,-4,4.127611645362855e-5
top1,FALSE,1600,ARG,102.853004,94.21794871517686,456,-2,8.717594924913433e-5
top1,FALSE,1600,AUT,102.47669300000001,92.21714964070986,465,-6,9.556467934851384e-5
top1,FALSE,1600,BRA,218.911463,225.82942717293716,-145,12,7.097894765500144e-5
top1,FALSE,1600,CHN,97.63483500000001,94.66128887643985,214,2,2.1748877745341756e-4
top1,FALSE,1600,COL,207.88496,207.05001278010343,27,-1,1.4875008605349642e-4
top1,FALSE,1600,CRO,209.913292,200.67181723861952,491,-2,9.722202187706164e-5
top1,FALSE,1600,CUB,162.784294,156.02943947416713,517,6,2.1063415717477592e-4
top1,FALSE,1600,CZE,185.443125,179.41686899941928,369,1,9.346948118726317e-5
top1,FALSE,1600,ENG,47.258520000000004,41.806422004550825,463,7,6.148075571377829e-5
top1,FALSE,1600,ESP,71.13305600000001,71.08436341119877,24,1,1.2435085001627578e-4
top1,FALSE,1600,FRA,89.58727300000001,79.45558598297151,500,-4,9.012198038211356e-5
top1,FALSE,1600,GEO,121.78316000000001,119.03156917282891,180,1,1.2684988669017645e-4
top1,FALSE,1600,GER,92.518672,96.65457418110691,-48,9,2.5260938739642683e-4
top1,FALSE,1600,GRE,251.154912,248.09234345255416,92,-4,8.505120016835994e-5
top1,FALSE,1600,HUN,115.82896299999999,103.89056168387475,350,-16,9.030434524395809e-5
top1,FALSE,1600,IND,37.122996,40.24889794685586,201,18,1.2041580138016093e-4
top1,FALSE,1600,ITA,-34.79097100000001,-39.04158462946822,97,-7,7.924146477092447e-5
top1,FALSE,1600,KAZ,-1.6651329999999973,1.4939255716650028,-34,7,8.918567568752804e-5
top1,FALSE,1600,LAT,240.121732,232.22095253399584,456,0,8.536040321516401e-5
top1,FALSE,1600,MEX,201.370552,209.85355783479432,-87,19,9.99935249406626e-5
top1,FALSE,1600,NED,95.77167600000001,87.5664912606713,410,-3,7.473810456018817e-5
top1,FALSE,1600,POL,192.438832,190.01165817706223,-93,-11,1.353400152410888e-4
top1,FALSE,1600,ROU,74.74578,82.88405072638534,-279,9,1.4748291375724974e-4
top1,FALSE,1600,RUS,142.72605099999998,152.61666614311397,-253,15,4.0760698121804727e-4
top1,FALSE,1600,SRB,117.81624199999999,98.27997057448671,619,-24,1.806710577825545e-4
top1,FALSE,1600,SVK,15.640562999999986,16.580362997832584,-139,-4,8.741926230753718e-5
top1,FALSE,1600,TUR,-29.45509899999999,-32.679281277841696,-47,-11,5.763633519596483e-5
top1,FALSE,1600,UKR,70.158116,78.01319471061976,34,23,3.6202833048087853e-4
top1,FALSE,1600,USA,103.47868999999997,96.13742772851856,233,-9,5.462954967408724e-5
top1,FALSE,1600,VIE,262.30357200000003,258.58260516372053,130,-4,4.138146577447379e-5
top1,TRUE,1000,ALG,283.156388,291.2227392239266,541,-10,3.9811464897938026e-5
top1,TRUE,1000,ANG,329.457027,350.3979227823555,42,19,9.840067956706776e-5
top1,TRUE,1000,ARG,146.788269,160.19109880072372,456,-2,1.2400449465727503e-4
top1,TRUE,1000,ARM,270.98458700000003,272.5365897033046,167,-4,1.0773954035278233e-4
top1,TRUE,1000,AUS,136.384094,120.75054281670896,357,-27,8.177277252391153e-5
top1,TRUE,1000,AUT,150.407467,160.0064903900597,465,-6,1.0237154393705515e-4
top1,TRUE,1000,AZE,212.73122,229.2242563769738,32,15,1.0296658647636856e-4
top1,TRUE,1000,BAN,238.918906,241.68694790691592,415,-11,5.520230473722842e-5
top1,TRUE,1000,BEL,153.843512,167.65262029862035,-229,21,1.137208407109901e-4
top1,TRUE,1000,BIH,184.06378,173.3526535866196,381,-23,7.826293954649459e-5
top1,TRUE,1000,BLR,185.839359,192.39614851415698,-49,8,1.4792329431538272e-4
top1,TRUE,1000,BOL,239.65256,242.34201978516597,-254,11,5.073036598846249e-5
top1,TRUE,1000,BOT,391.40963,407.10845628923863,251,7,4.3457516888228116e-5
top1,TRUE,1000,BRA,302.913507,310.32501815953447,-145,12,1.7651695868569354e-4
top1,TRUE,1000,BUL,83.414715,78.50685721895567,-266,4,4.540364648269324e-5
top1,TRUE,1000,CAN,181.648006,192.3209631535941,-170,16,8.841945456888665e-5
top1,TRUE,1000,CHI,377.79823,381.90585417194,303,-6,8.453694480917574e-5
top1,TRUE,1000,CHN,91.10759300000001,100.416105644586,214,2,2.0792005348947088e-4
top1,TRUE,1000,COL,248.79981,248.68782216676894,27,-1,3.35718011482205e-4
top1,TRUE,1000,CRC,272.05737,273.07303580806933,333,-10,6.582107681083739e-5
top1,TRUE,1000,CRO,231.727516,247.26413815348295,125,11,1.4508314233718417e-4
top1,TRUE,1000,CUB,204.572304,228.26065117903602,517,6,2.393800646776518e-4
top1,TRUE,1000,CZE,245.68336300000001,259.2187711441902,369,1,1.1730373630592214e-4
top1,TRUE,1000,DEN,170.930002,147.77246000938672,-168,-17,6.913493584053779e-5
top1,TRUE,1000,DOM,367.897442,373.7792927540861,22,5,9.23857344316515e-5
top1,TRUE,1000,ECU,262.481974,285.3151077191018,-84,25,4.692444564790405e-5
top1,TRUE,1000,EGY,218.55722200000002,235.83592499721183,237,9,4.461458005984033e-5
top1,TRUE,1000,ENG,128.104262,150.98936380924712,463,7,7.869080235255451e-5
top1,TRUE,1000,ESP,145.373122,147.2138836611576,24,1,1.5936259020723787e-4
top1,TRUE,1000,EST,146.379264,179.02208975982128,266,23,1.712339116576258e-4
top1,TRUE,1000,FRA,160.042517,172.88239587388384,500,-4,8.647011079377286e-5
top1,TRUE,1000,GEO,119.355875,126.4846507230506,180,1,1.2626491044840607e-4
top1,TRUE,1000,GER,124.267771,131.88567907644574,-48,9,4.0409904161433296e-4
top1,TRUE,1000,GRE,146.311979,157.23678582472482,-405,24,2.079721847627933e-4
top1,TRUE,1000,HUN,172.618086,168.04668353320554,350,-16,1.1422414897831282e-4
top1,TRUE,1000,INA,52.218438000000006,48.744571567659975,-254,5,1.1745815575636099e-4
top1,TRUE,1000,IND,85.868008,111.17138938611087,201,18,1.8998446119693625e-4
top1,TRUE,1000,IRI,36.149124,41.27066219238872,242,-3,8.558578955576312e-5
top1,TRUE,1000,IRQ,298.971459,286.04067461767727,164,-18,1.309434424314749e-4
top1,TRUE,1000,ISR,195.296266,217.49564197950178,-133,26,1.358451756229425e-4
top1,TRUE,1000,ITA,85.230681,81.32819377190725,97,-7,1.3967551600654594e-4
top1,TRUE,1000,JOR,151.403696,167.50452905338676,-222,23,5.3264556718020774e-5
top1,TRUE,1000,KAZ,34.348236,40.386267368472616,-34,7,1.0285024229108455e-4
top1,TRUE,1000,KEN,392.121676,400.10216160774354,-7,8,1.4550174707376212e-4
top1,TRUE,1000,KGZ,284.254663,284.4374576459912,66,-2,7.592699305894411e-5
top1,TRUE,1000,KOR,227.793055,228.4135057237977,-12,1,3.120350005232426e-5
top1,TRUE,1000,LAT,242.24699099999998,257.7042628732257,456,0,8.525517790517255e-5
top1,TRUE,1000,LTU,-47.535577,-0.4832909134394754,782,20,2.5953102411766904e-4
top1,TRUE,1000,MAS,272.518605,272.7116949011089,36,-1,3.166605581331369e-5
top1,TRUE,1000,MDA,233.639823,260.4921953287309,277,17,8.596234378771149e-5
top1,TRUE,1000,MEX,247.892944,264.4610589234825,-87,19,1.1113456209523757e-4
top1,TRUE,1000,MGL,80.68508800000001,82.17657914566213,44,0,3.579497518045084e-4
top1,TRUE,1000,NED,155.512878,166.32920056673504,410,-3,8.49684023978553e-5
top1,TRUE,1000,NEP,358.578179,370.4495966076546,229,4,7.215571605481706e-5
top1,TRUE,1000,NOR,249.659625,247.26494769405633,293,-12,3.3304888521193895e-5
top1,TRUE,1000,PER,165.55793699999998,162.3848765682514,-33,-2,9.32938989490809e-5
top1,TRUE,1000,PHI,327.767914,337.71144435725,-40,11,1.8700838011746876e-4
top1,TRUE,1000,POL,235.392221,220.9403196797259,-93,-11,1.4078231187179623e-4
top1,TRUE,1000,POR,203.949649,202.9889630427606,305,-11,6.565561866845417e-5
top1,TRUE,1000,ROU,125.209899,124.99747856171957,-279,9,2.2211364391165202e-4
top1,TRUE,1000,RSA,349.055066,376.2875946095795,167,21,8.344645811209946e-5
top1,TRUE,1000,RUS,173.39137399999998,180.22361545620774,-253,15,8.441088662111887e-4
top1,TRUE,1000,SGP,-39.18282500000001,-37.941923552404624,-24,2,5.469073229210711e-5
top1,TRUE,1000,SLO,190.837542,186.03564853081755,-475,11,1.0301352189742945e-4
top1,TRUE,1000,SRB,155.807123,152.13638674735915,619,-24,2.3851495365013068e-4
top1,TRUE,1000,SRI,301.306037,313.02428575395265,376,-1,3.268612328314824e-5
top1,TRUE,1000,SUI,138.488803,153.44440366253554,-377,27,9.435420252892143e-5
top1,TRUE,1000,SVK,108.14989299999999,99.32925273574517,-139,-4,1.3685992885183036e-4
top1,TRUE,1000,SWE,-16.36390700000001,-39.75697988525709,219,-30,9.338840391150177e-5
top1,TRUE,1000,THA,496.26714100000004,498.1345166927623,146,-3,4.915751449465083e-5
top1,TRUE,1000,TUR,73.810047,60.917431877463564,-47,-11,1.2968657099637258e-4
top1,TRUE,1000,UAE,629.30139,642.3828232898968,295,3,1.1017207561844065e-5
top1,TRUE,1000,UKR,96.218862,120.99746171905733,34,23,8.292376722534002e-4
top1,TRUE,1000,USA,249.023387,247.6765212405428,233,-9,1.0452134273360975e-4
top1,TRUE,1000,UZB,151.420924,160.27069824198736,-345,20,1.1439461298069297e-4
top1,TRUE,1000,VEN,332.282349,356.909531652976,575,5,6.075530617212678e-5
top1,TRUE,1000,VIE,279.268232,279.5660262399069,130,-4,4.4781219583436724e-5
top1,TRUE,1000,ZAM,315.718181,321.881507217506,0,6,9.235878285842943e-5
top1,TRUE,1000,ZIM,494.392273,514.9251384968383,333,9,4.463638846107538e-5
top1,TRUE,1400,ARG,125.909098,139.65056404776902,456,-2,1.0556127665188752e-4
top1,TRUE,1400,ARM,263.68178,267.24081684626077,167,-4,1.064777590208606e-4
top1,TRUE,1400,AUS,72.717813,72.00657303339334,357,-27,5.240231093633943e-5
top1,TRUE,1400,AUT,131.599477,143.82618734451864,465,-6,1.0351917636328897e-4
top1,TRUE,1400,AZE,202.960272,210.75201006522917,32,15,9.843906354024611e-5
top1,TRUE,1400,BEL,120.103478,122.21947837957303,-229,21,9.279824466976588e-5
top1,TRUE,1400,BLR,169.57169399999998,171.60571446324224,-49,8,1.332268529263923e-4
top1,TRUE,1400,BOL,181.347558,178.15132009548645,-254,11,5.340152204301416e-5
top1,TRUE,1400,BRA,268.343001,269.0979800031542,-145,12,1.1286539793802105e-4
top1,TRUE,1400,BUL,75.873333,69.13514765752655,-266,4,4.7183433235015806e-5
top1,TRUE,1400,CAN,137.156859,138.91279192923892,-170,16,6.723732787474197e-5
top1,TRUE,1400,CHI,323.36516800000004,330.3896353507161,303,-6,6.837158275942944e-5
top1,TRUE,1400,CHN,84.288055,92.06203837104408,214,2,1.9991802276042692e-4
top1,TRUE,1400,COL,232.888571,233.3046691982406,27,-1,2.343222488514919e-4
top1,TRUE,1400,CRO,206.904474,215.87891569209864,125,11,1.2104699556147865e-4
top1,TRUE,1400,CUB,199.92945500000002,219.23732872902536,517,6,2.382724444165348e-4
top1,TRUE,1400,CZE,220.148582,232.44907778661016,369,1,1.062529607406376e-4
top1,TRUE,1400,DEN,146.902021,133.84108322740943,-168,-17,6.494175368465909e-5
top1,TRUE,1400,ECU,228.411073,236.98717118804316,-84,25,4.389036766767492e-5
top1,TRUE,1400,EGY,167.060634,178.7298035308054,237,9,4.535590793011492e-5
top1,TRUE,1400,ENG,104.92704499999999,122.95178003181768,463,7,7.361142127804184e-5
top1,TRUE,1400,ESP,111.79312200000001,113.01476696647507,24,1,1.455343983325629e-4
top1,TRUE,1400,FRA,126.48524900000001,140.73778533352163,500,-4,8.967162280614169e-5
top1,TRUE,1400,GEO,113.341573,119.5727852938405,180,1,1.2852438235053787e-4
top1,TRUE,1400,GER,115.406789,117.92386437504163,-48,9,3.5087091943990933e-4
top1,TRUE,1400,GRE,115.020327,112.83733473293006,-405,24,1.4224970949487594e-4
top1,TRUE,1400,HUN,150.776743,154.80108006387508,350,-16,1.0543429044583395e-4
top1,TRUE,1400,INA,41.870369,35.96847729112732,-254,5,1.1503506585411184e-4
top1,TRUE,1400,IND,62.514804,77.0864002387213,201,18,1.6651778355471631e-4
top1,TRUE,1400,IRI,-9.083406999999994,-2.664982022548549,242,-3,7.2026605504298e-5
top1,TRUE,1400,ISR,175.626198,183.07972054619972,-133,26,1.1740653099893174e-4
top1,TRUE,1400,ITA,41.14586800000001,41.10419516898134,97,-7,1.0824170260227154e-4
top1,TRUE,1400,KAZ,22.798265,24.86303232860856,-34,7,1.0378303900374842e-4
top1,TRUE,1400,LAT,232.17398,246.81733064922207,456,0,8.2966964383057e-5
top1,TRUE,1400,LTU,-60.005496,-25.874588126496683,782,20,1.959168611189226e-4
top1,TRUE,1400,MAS,184.85774300000003,185.56285469789628,36,-1,3.3857528638745935e-5
top1,TRUE,1400,MDA,223.156996,239.7182083795318,277,17,8.681274945906364e-5
top1,TRUE,1400,MEX,233.42841099999998,239.20251755046544,-87,19,1.1006815288908539e-4
top1,TRUE,1400,MGL,74.688264,76.10121888720565,44,0,3.48825043083922e-4
top1,TRUE,1400,NED,141.756589,153.56993263769112,410,-3,8.298072174069975e-5
top1,TRUE,1400,NOR,226.69908099999998,230.69676843562837,293,-12,3.416710789780875e-5
top1,TRUE,1400,PER,88.62990400000001,86.66830323314275,-33,-2,5.154435524648046e-5
top1,TRUE,1400,PHI,323.800485,327.47634586507746,-40,11,1.858105198023302e-4
top1,TRUE,1400,POL,214.792789,206.8459508622327,-93,-11,1.4193424297505582e-4
top1,TRUE,1400,ROU,108.624233,103.72329521721204,-279,9,1.9707468601555284e-4
top1,TRUE,1400,RUS,162.141411,160.78105490946538,-253,15,6.261507849216226e-4
top1,TRUE,1400,SLO,176.751115,166.45799004838543,-475,11,9.82381532186447e-5
top1,TRUE,1400,SRB,144.680237,153.735328036661,619,-24,2.1860443583078009e-4
top1,TRUE,1400,SRI,261.566596,273.1899954626671,376,-1,3.472950071891159e-5
top1,TRUE,1400,SUI,106.73774800000001,106.80673574514958,-377,27,8.733350725577692e-5
top1,TRUE,1400,SVK,82.767507,76.50008485796701,-139,-4,1.1562888020623038e-4
top1,TRUE,1400,SWE,-60.99480399999999,-67.49041119684026,219,-30,8.248360369921927e-5
top1,TRUE,1400,TUR,41.839152,35.36949397158407,-47,-11,1.0285774818407392e-4
top1,TRUE,1400,UKR,89.257898,100.72139969318705,34,23,6.49941973639896e-4
top1,TRUE,1400,USA,233.280789,236.70454667343662,233,-9,9.858399414170306e-5
top1,TRUE,1400,UZB,123.306681,121.24667619439529,-345,20,9.546106656748469e-5
top1,TRUE,1400,VEN,287.68244000000004,308.4019028705245,575,5,5.7996166330129295e-5
top1,TRUE,1400,VIE,265.886355,268.2572252365651,130,-4,4.517791728740637e-5
top1,TRUE,1600,ARG,129.392213,149.21738648182094,456,-2,1.0907331208990106e-4
top1,TRUE,1600,ARM,251.557866,256.33360656570306,167,-4,1.0240605208220821e-4
top1,TRUE,1600,AUT,121.396245,138.60093379802825,465,-6,1.0314175905843688e-4
top1,TRUE,1600,AZE,197.907926,210.8126031221614,32,15,9.606540138102256e-5
top1,TRUE,1600,BEL,91.842554,97.0920989753808,-229,21,8.066359493885448e-5
top1,TRUE,1600,BRA,236.834531,239.17222189036218,-145,12,8.536837403625673e-5
top1,TRUE,1600,BUL,69.22444200000001,59.81435776530908,-266,4,4.8660055424495246e-5
top1,TRUE,1600,CHI,322.078939,331.70015633968455,303,-6,6.838347953187037e-5
top1,TRUE,1600,CHN,85.290521,96.82908750021798,214,2,2.0192536135450536e-4
top1,TRUE,1600,COL,225.391029,225.8944937462988,27,-1,2.0509634173588857e-4
top1,TRUE,1600,CRO,194.523457,208.73981982417658,125,11,1.1222310521411333e-4
top1,TRUE,1600,CUB,189.885159,218.64941447415416,517,6,2.3404540395703443e-4
top1,TRUE,1600,CZE,207.021899,225.05580892965256,369,1,1.013724365094227e-4
top1,TRUE,1600,ENG,78.233408,105.2302868181314,463,7,6.899344555577046e-5
top1,TRUE,1600,ESP,99.37132500000001,101.25524941651314,24,1,1.4057235975715798e-4
top1,TRUE,1600,FRA,109.48811900000001,129.85210645229856,500,-4,9.079389349234756e-5
top1,TRUE,1600,GEO,120.735777,129.92230356158487,180,1,1.265933866739088e-4
top1,TRUE,1600,GER,104.933191,109.53026096465054,-48,9,3.018468997746802e-4
top1,TRUE,1600,GRE,98.714925,98.00697827634454,-405,24,1.2121454607489119e-4
top1,TRUE,1600,HUN,143.135145,147.35203365939682,350,-16,1.0198094341265306e-4
top1,TRUE,1600,INA,42.454643000000004,34.366744555278224,-254,5,1.1573344429242841e-4
top1,TRUE,1600,IND,70.580759,93.6779299362646,201,18,1.7481752404521333e-4
top1,TRUE,1600,IRI,-32.996534999999994,-23.949480854971867,242,-3,6.5801077425801e-5
top1,TRUE,1600,ISR,165.201554,178.74724380485844,-133,26,1.0911234647475176e-4
top1,TRUE,1600,ITA,19.741884999999996,18.9594754205877,97,-7,9.715728286966925e-5
top1,TRUE,1600,KAZ,21.536576999999994,25.268114368768188,-34,7,1.0469787730992641e-4
top1,TRUE,1600,LAT,232.70918899999998,254.05525680867126,456,0,8.317455537453137e-5
top1,TRUE,1600,LTU,-62.968769,-11.153191901714006,782,20,1.8590161576465057e-4
top1,TRUE,1600,MEX,210.917169,221.29306006263423,-87,19,1.062134674639884e-4
top1,TRUE,1600,MGL,71.565377,73.62508529732793,44,0,3.434678734857471e-4
top1,TRUE,1600,NED,118.36733700000002,135.2787319166439,410,-3,8.05810738340769e-5
top1,TRUE,1600,NOR,236.18207,240.77248883701358,293,-12,3.416141863867091e-5
top1,TRUE,1600,PHI,310.037273,316.5297297091969,-40,11,1.8068986448282136e-4
top1,TRUE,1600,POL,211.631872,198.91347884660735,-93,-11,1.4147194535854538e-4
top1,TRUE,1600,ROU,104.233154,98.01675540367891,-279,9,1.9133468948742596e-4
top1,TRUE,1600,RUS,156.798021,156.36140574174183,-253,15,5.541646324987187e-4
top1,TRUE,1600,SLO,167.877132,154.00656349697752,-475,11,9.556968433344968e-5
top1,TRUE,1600,SRB,135.747322,146.4729408970231,619,-24,2.0445647594396623e-4
top1,TRUE,1600,SVK,69.06096299999999,59.51236858883156,-139,-4,1.0665870804743918e-4
top1,TRUE,1600,SWE,-71.39317599999998,-83.95486096832721,219,-30,7.99222816373731e-5
top1,TRUE,1600,TUR,35.68983399999999,25.124772248359278,-47,-11,9.961003702264983e-5
top1,TRUE,1600,UKR,82.822904,101.90478153398668,34,23,5.300117983640288e-4
top1,TRUE,1600,USA,213.54326,217.60632719456916,233,-9,9.098687145660593e-5
top1,TRUE,1600,UZB,119.529069,118.58802675536381,-345,20,9.410658298335782e-5
top1,TRUE,1600,VIE,266.488422,269.53213513385913,130,-4,4.528288326120623e-5
